team,conference,games_with_lines,ats_record,ats_cover_pct,avg_cover_margin,ats_last3,ats_as_fav,ats_as_dog,ats_home,ats_away,over_record,over_pct,under_pct,avg_total_line,avg_game_total,avg_pts_share_of_line_pct,avg_pts_share_of_game_pct,avg_pts,avg_implied_team_total,avg_pts_vs_implied,team_total_over_pct,ats_rank
James Madison,Sun Belt,4,4-0,100.0,18.38,3-0,3-0,1-0,2-0,2-0,2-2,50.0,50.0,49.5,57.0,88.19,73.41,44.75,31.81,12.94,75.0,1
UCLA,Big Ten,4,4-0,100.0,18.0,3-0,4-0,0-0,2-0,2-0,3-1,75.0,25.0,53.94,63.5,82.86,72.85,44.75,30.97,13.78,75.0,2
Northwestern,Big Ten,4,4-0,100.0,17.81,3-0,2-0,2-0,3-0,1-0,4-0,100.0,0.0,48.31,49.75,68.55,66.84,33.0,23.38,9.62,100.0,3
New Mexico,Mountain West,4,4-0,100.0,16.56,3-0,3-0,1-0,2-0,2-0,2-2,50.0,50.0,48.69,50.5,77.62,68.84,39.0,29.81,9.19,75.0,4
Mississippi State,SEC,4,4-0,100.0,14.69,3-0,3-0,1-0,2-0,2-0,2-2,50.0,50.0,56.5,64.0,76.61,67.05,43.0,31.91,11.09,100.0,5
Georgia State,Sun Belt,4,4-0,100.0,14.5,3-0,2-0,2-0,2-0,2-0,2-2,50.0,50.0,55.5,60.0,69.06,65.51,38.75,29.25,9.5,100.0,6
Oregon State,Pac-12,4,4-0,100.0,13.56,3-0,2-0,2-0,2-0,2-0,3-1,75.0,25.0,53.81,55.25,59.25,59.07,32.25,24.75,7.5,75.0,7
Louisiana Tech,Sun Belt,3,3-0,100.0,12.17,3-0,1-0,2-0,1-0,2-0,3-0,100.0,0.0,53.83,66.67,68.32,50.43,37.67,25.17,12.5,100.0,8
Utah,Big 12,4,4-0,100.0,11.69,3-0,4-0,0-0,3-0,1-0,2-2,50.0,50.0,54.62,53.5,78.02,82.05,43.25,37.97,5.28,75.0,9
Duke,ACC,4,4-0,100.0,11.44,3-0,3-0,1-0,3-0,1-0,2-2,50.0,50.0,53.88,47.25,65.58,77.91,36.25,33.84,2.41,75.0,10
Georgia,SEC,4,4-0,100.0,10.19,3-0,4-0,0-0,3-0,1-0,4-0,100.0,0.0,52.38,68.0,103.87,80.43,54.75,41.84,12.91,100.0,11
Louisiana,Sun Belt,4,3-0-1,100.0,10.06,2-0,2-0,1-0,1-0,2-0,1-3,25.0,75.0,53.0,50.0,59.04,66.34,30.75,27.22,3.53,75.0,12
Temple,American Athletic,4,3-0-1,100.0,4.88,2-0,1-0,2-0,2-0,1-0,2-2,50.0,50.0,49.5,55.75,56.56,48.07,28.0,22.44,5.56,50.0,13
BYU,Big 12,3,3-0,100.0,3.58,3-0,3-0,0-0,2-0,1-0,2-1,66.7,33.3,54.92,59.67,78.43,72.09,44.0,39.83,4.17,100.0,14
Pittsburgh,ACC,5,4-1,80.0,7.55,3-0,3-1,1-0,3-1,1-0,2-3,40.0,60.0,54.2,51.8,71.46,72.59,38.4,35.83,2.58,40.0,15
Massachusetts,Mid-American,4,3-1,75.0,15.75,2-1,2-1,1-0,1-1,2-0,1-3,25.0,75.0,52.19,49.0,69.52,74.97,36.25,29.97,6.28,50.0,16
Sam Houston,Conference USA,4,3-1,75.0,14.12,2-1,1-0,2-1,2-0,1-1,2-2,50.0,50.0,52.81,51.75,53.36,52.85,27.75,21.22,6.53,75.0,17
Alabama,SEC,4,3-1,75.0,10.75,2-1,3-1,0-0,2-1,1-0,4-0,100.0,0.0,50.88,68.25,94.44,71.65,48.0,33.94,14.06,100.0,18
Florida,SEC,4,3-1,75.0,9.62,2-1,3-1,0-0,2-1,1-0,3-1,75.0,25.0,59.5,76.25,90.09,72.1,53.5,40.31,13.19,75.0,19
Nebraska,Big Ten,4,3-1,75.0,8.62,2-1,3-1,0-0,2-1,1-0,2-2,50.0,50.0,50.19,54.5,85.81,78.07,42.5,36.03,6.47,75.0,20
UCF,Big 12,4,3-1,75.0,8.44,2-1,1-1,2-0,2-1,1-0,2-2,50.0,50.0,53.06,51.5,67.14,62.62,36.25,32.81,3.44,50.0,21
Colorado State,Pac-12,4,3-1,75.0,8.31,2-1,2-0,1-1,2-1,1-0,4-0,100.0,0.0,53.5,74.5,74.86,55.71,40.25,25.59,14.66,100.0,22
App State,Sun Belt,4,3-1,75.0,8.0,2-1,1-1,2-0,1-1,2-0,2-2,50.0,50.0,54.62,57.0,63.79,61.54,34.75,29.56,5.19,75.0,23
Boise State,Pac-12,4,3-1,75.0,7.19,2-1,2-1,1-0,1-1,2-0,3-1,75.0,25.0,54.62,55.0,61.7,63.28,33.75,29.97,3.78,75.0,24
Virginia,ACC,4,3-1,75.0,7.06,2-1,3-1,0-0,3-0,0-0,2-2,50.0,50.0,52.75,53.5,76.04,77.75,40.5,36.59,3.91,75.0,25
Cincinnati,Big 12,4,3-1,75.0,7.0,2-1,2-1,1-0,3-1,0-0,3-1,75.0,25.0,54.56,61.0,73.23,65.73,40.5,33.78,6.72,100.0,26
Oklahoma State,Big 12,4,3-1,75.0,6.62,3-0,1-1,2-0,2-0,1-1,2-2,50.0,50.0,60.94,57.0,59.85,62.05,37.25,35.91,1.34,50.0,27
Miami,ACC,4,3-1,75.0,6.38,2-1,3-1,0-0,2-0,1-1,3-1,75.0,25.0,55.06,60.75,93.15,84.18,51.75,45.72,6.03,75.0,28
Fresno State,Pac-12,4,3-1,75.0,6.19,3-0,3-0,0-1,2-0,1-1,2-2,50.0,50.0,46.44,47.25,63.68,56.94,28.25,24.75,3.5,75.0,29
Iowa,Big Ten,4,3-1,75.0,5.12,2-1,2-1,1-0,2-1,1-0,1-3,25.0,75.0,43.88,40.75,72.67,76.61,32.75,31.75,1.0,75.0,30
Kentucky,SEC,4,3-1,75.0,5.12,2-1,2-0,1-1,2-1,1-0,3-1,75.0,25.0,53.0,59.5,63.86,58.2,34.5,28.69,5.81,75.0,31
Middle Tennessee,Conference USA,4,3-1,75.0,4.88,2-1,1-0,2-1,2-0,1-1,0-4,0.0,100.0,53.31,47.25,48.39,53.7,26.0,26.59,-0.59,50.0,32
Notre Dame,FBS Independents,4,3-1,75.0,3.56,2-1,3-1,0-0,1-1,1-0,2-2,50.0,50.0,52.31,50.5,80.64,82.99,42.25,41.38,0.88,75.0,33
UTSA,American Athletic,4,3-1,75.0,3.12,2-1,1-1,2-0,1-1,2-0,2-2,50.0,50.0,59.94,64.5,59.42,50.39,35.25,31.41,3.84,50.0,34
Minnesota,Big Ten,4,3-1,75.0,2.88,2-1,2-0,1-1,2-1,1-0,2-2,50.0,50.0,49.81,54.0,70.39,63.31,35.0,31.47,3.53,75.0,35
Florida Atlantic,American Athletic,4,3-1,75.0,2.81,3-0,2-0,1-1,2-0,1-1,3-1,75.0,25.0,59.88,60.75,50.53,53.53,30.0,28.16,1.84,75.0,36
Georgia Southern,Sun Belt,4,3-1,75.0,2.62,2-1,1-0,2-1,2-0,1-1,2-2,50.0,50.0,53.56,47.0,43.67,52.67,23.25,25.22,-1.97,50.0,37
Kennesaw State,Conference USA,4,3-1,75.0,2.25,2-1,1-1,2-0,1-1,2-0,0-4,0.0,100.0,55.0,44.25,41.2,49.56,21.75,26.0,-4.25,25.0,38
Baylor,Big 12,4,3-1,75.0,1.81,2-1,2-1,1-0,2-1,0-0,1-3,25.0,75.0,54.62,42.75,55.17,67.86,29.75,34.78,-5.03,25.0,39
Ohio State,Big Ten,4,3-1,75.0,1.19,2-1,2-1,1-0,2-1,1-0,3-1,75.0,25.0,54.75,57.25,81.06,76.97,45.0,43.16,1.84,75.0,40
Washington State,Pac-12,4,3-1,75.0,1.06,2-1,1-0,2-1,2-0,1-1,2-2,50.0,50.0,49.75,47.0,44.21,43.78,22.25,23.09,-0.84,50.0,41
Louisville,ACC,4,3-1,75.0,0.81,2-1,2-1,1-0,2-1,0-0,3-1,75.0,25.0,56.62,70.0,72.91,58.59,41.25,34.16,7.09,75.0,42
Miami (OH),Mid-American,4,3-1,75.0,-2.56,3-0,2-0,1-1,2-0,1-1,3-1,75.0,25.0,49.12,59.0,58.38,51.5,28.5,24.84,3.66,50.0,43
Toledo,Mid-American,4,2-1-1,66.7,8.75,2-1,2-1,0-0,2-1,0-0,4-0,100.0,0.0,50.0,69.25,85.86,62.19,43.25,29.25,14.0,100.0,44
UAB,American Athletic,4,2-1-1,66.7,3.56,1-1,0-1,2-0,1-1,1-0,1-3,25.0,75.0,53.31,47.5,41.04,46.61,21.75,22.88,-1.12,50.0,45
Arizona State,Big 12,3,2-1,66.7,2.58,2-1,2-0,0-1,1-0,0-1,2-1,66.7,33.3,51.58,62.0,73.15,59.62,38.0,31.5,6.5,66.7,46
Michigan State,Big Ten,4,2-1-1,66.7,2.56,2-1,1-0,1-1,1-1,1-0,1-3,25.0,75.0,49.56,43.25,44.61,49.98,22.0,23.88,-1.88,50.0,47
North Texas,American Athletic,5,3-2,60.0,8.7,1-2,1-1,2-1,2-0,1-2,4-1,80.0,20.0,58.95,73.6,68.63,57.12,40.6,28.92,11.68,100.0,48
Memphis,American Athletic,5,3-2,60.0,6.3,1-2,2-1,1-1,1-1,2-1,4-1,80.0,20.0,54.65,61.0,71.05,62.12,38.6,32.28,6.32,60.0,49
New Mexico State,Conference USA,5,3-2,60.0,5.25,1-2,2-0,1-2,2-1,1-1,2-3,40.0,60.0,51.85,54.2,53.22,50.74,27.8,24.0,3.8,75.0,50
Liberty,Conference USA,5,3-2,60.0,3.3,3-0,3-1,0-1,1-1,2-1,2-3,40.0,60.0,51.45,48.2,59.62,60.52,30.4,30.38,0.02,60.0,51
Virginia Tech,ACC,5,3-2,60.0,3.25,1-2,3-2,0-0,2-1,1-1,4-1,80.0,20.0,52.15,61.0,77.13,65.93,41.2,35.15,6.05,80.0,52
Jacksonville State,Conference USA,5,3-2,60.0,0.75,2-1,3-0,0-2,3-0,0-2,3-2,60.0,40.0,50.05,49.2,53.85,54.11,27.4,27.45,-0.05,60.0,53
Tulsa,American Athletic,5,3-2,60.0,0.4,2-1,1-1,2-1,3-0,0-2,1-4,20.0,80.0,54.65,49.0,50.14,58.51,27.8,30.42,-2.62,40.0,54
Delaware,Conference USA,5,3-2,60.0,-2.0,1-2,2-0,1-2,2-1,1-1,1-4,20.0,80.0,54.3,47.0,38.78,45.59,21.4,26.05,-4.65,20.0,55
UConn,FBS Independents,4,2-2,50.0,10.0,1-2,2-0,0-2,1-1,1-1,2-2,50.0,50.0,52.69,57.0,65.92,58.27,34.75,27.59,7.16,50.0,56
LSU,SEC,4,2-2,50.0,9.25,1-2,2-2,0-0,2-1,0-1,2-2,50.0,50.0,53.75,54.25,73.4,72.03,38.75,33.88,4.88,75.0,57
Iowa State,Big 12,4,2-2,50.0,7.06,2-1,1-1,1-1,1-2,1-0,2-2,50.0,50.0,46.31,46.75,66.44,62.03,30.75,27.0,3.75,25.0,58
Missouri State,Conference USA,4,2-2,50.0,6.31,2-1,1-0,1-2,1-1,1-1,2-2,50.0,50.0,54.94,56.0,43.88,40.81,24.0,20.31,3.69,50.0,59
Nevada,Mountain West,4,2-2,50.0,4.69,1-2,0-1,2-1,2-1,0-1,2-2,50.0,50.0,51.0,51.5,53.42,48.52,27.25,24.66,2.59,50.0,60
Army,American Athletic,3,1-1-1,50.0,3.92,1-1,1-1,0-0,1-1,0-0,2-1,66.7,33.3,48.33,50.67,70.58,65.53,34.67,31.54,3.12,33.3,61
Kansas State,Big 12,4,2-2,50.0,3.88,1-2,2-2,0-0,2-1,0-1,3-1,75.0,25.0,52.06,55.75,77.16,71.32,40.5,36.72,3.78,50.0,62
North Dakota State,Mountain West,4,2-2,50.0,3.88,1-2,2-2,0-0,1-1,1-1,1-3,25.0,75.0,49.94,47.25,70.19,78.1,35.0,34.41,0.59,50.0,63
Wake Forest,ACC,4,2-2,50.0,3.88,2-1,0-2,2-0,1-1,1-1,2-2,50.0,50.0,53.75,59.5,59.36,53.02,31.5,26.69,4.81,75.0,64
Western Michigan,Mid-American,4,2-2,50.0,3.62,1-2,1-1,1-1,1-1,1-1,2-2,50.0,50.0,49.62,44.0,48.03,50.22,24.0,25.0,-1.0,75.0,65
Houston,Big 12,4,2-2,50.0,3.56,2-1,1-2,1-0,1-1,1-1,4-0,100.0,0.0,55.31,65.0,78.48,65.8,44.5,37.88,6.62,75.0,66
Southern Miss,Sun Belt,4,2-2,50.0,3.5,1-2,1-0,1-2,1-1,1-1,2-2,50.0,50.0,53.75,54.0,46.6,46.5,24.5,22.62,1.88,50.0,67
South Alabama,Sun Belt,4,2-2,50.0,2.81,1-2,1-1,1-1,1-1,1-1,3-1,75.0,25.0,51.38,62.0,61.0,51.2,31.25,24.53,6.72,100.0,68
Wisconsin,Big Ten,4,2-2,50.0,2.69,2-1,1-1,1-1,1-1,1-0,3-1,75.0,25.0,46.69,51.75,68.54,60.75,31.75,27.88,3.88,75.0,69
Tennessee,SEC,4,2-2,50.0,1.56,2-1,1-2,1-0,1-2,1-0,1-3,25.0,75.0,59.31,55.5,66.41,69.92,40.0,41.12,-1.12,25.0,70
San José State,Mountain West,4,2-2,50.0,1.31,1-2,0-1,2-1,0-2,2-0,1-3,25.0,75.0,55.44,50.5,41.07,45.57,23.25,25.06,-1.81,50.0,71
Texas State,Pac-12,4,2-2,50.0,1.12,2-1,2-1,0-1,2-1,0-1,3-1,75.0,25.0,63.81,70.0,56.09,50.21,36.25,32.59,3.66,50.0,72
Utah State,Pac-12,4,2-2,50.0,0.19,2-1,1-1,1-1,1-1,1-1,0-4,0.0,100.0,54.62,35.0,24.47,37.84,13.0,22.72,-9.72,25.0,73
Rice,American Athletic,4,2-2,50.0,-0.56,1-2,1-0,1-2,2-0,0-2,2-2,50.0,50.0,47.25,49.25,42.18,43.19,19.0,18.28,0.72,50.0,74
Coastal Carolina,Sun Belt,4,2-2,50.0,-0.62,1-2,1-0,1-2,1-1,1-1,2-2,50.0,50.0,54.0,48.5,46.26,50.6,25.0,28.06,-3.06,25.0,75
South Florida,American Athletic,4,2-2,50.0,-0.69,2-1,1-2,1-0,1-1,1-1,2-2,50.0,50.0,51.88,44.0,56.07,67.33,30.0,34.28,-4.28,50.0,76
Kent State,Mid-American,4,2-2,50.0,-0.94,2-1,2-0,0-2,2-0,0-2,3-1,75.0,25.0,52.38,52.25,33.36,35.52,16.25,16.78,-0.53,25.0,77
Ohio,Mid-American,4,2-2,50.0,-1.62,2-1,1-1,1-1,1-1,1-1,3-1,75.0,25.0,49.88,61.25,60.34,52.97,30.25,25.38,4.88,75.0,78
West Virginia,Big 12,4,2-2,50.0,-1.81,2-1,1-2,1-0,1-2,0-0,4-0,100.0,0.0,56.0,61.0,65.19,59.97,36.25,34.66,1.59,50.0,79
TCU,Big 12,4,2-2,50.0,-1.88,2-1,2-2,0-0,2-0,0-1,1-3,25.0,75.0,51.81,41.75,53.8,62.45,29.25,35.22,-5.97,25.0,80
Illinois,Big Ten,4,2-2,50.0,-2.88,2-1,1-2,1-0,1-2,1-0,4-0,100.0,0.0,53.62,60.5,63.05,56.27,34.0,32.0,2.0,75.0,81
Akron,Mid-American,4,2-2,50.0,-3.0,1-2,1-0,1-2,1-1,1-1,2-2,50.0,50.0,49.31,51.25,40.99,36.72,19.5,20.03,-0.53,50.0,82
Florida International,Conference USA,4,2-2,50.0,-3.12,1-2,1-1,1-1,1-1,1-1,1-3,25.0,75.0,54.31,32.5,34.83,54.96,18.0,30.47,-12.47,25.0,83
Oregon,Big Ten,4,2-2,50.0,-3.5,2-1,2-2,0-0,1-1,1-1,4-0,100.0,0.0,60.0,70.75,76.47,65.08,47.5,43.88,3.62,50.0,84
Vanderbilt,SEC,4,2-2,50.0,-4.25,2-1,1-2,1-0,1-2,1-0,2-2,50.0,50.0,54.44,50.0,52.28,56.94,28.25,32.59,-4.34,25.0,85
Stanford,ACC,4,2-2,50.0,-4.38,1-2,1-0,1-2,2-1,0-1,3-1,75.0,25.0,48.81,54.5,43.13,35.5,21.0,20.34,0.66,50.0,86
Clemson,ACC,4,2-2,50.0,-4.88,2-1,2-1,0-1,1-1,1-1,2-2,50.0,50.0,50.12,43.0,42.38,55.29,21.0,27.0,-6.0,25.0,87
Michigan,Big Ten,4,2-2,50.0,-4.94,2-1,1-2,1-0,2-2,0-0,1-3,25.0,75.0,45.44,40.0,55.02,59.76,25.25,30.44,-5.19,25.0,88
Texas A&M,SEC,4,2-2,50.0,-5.94,1-2,2-1,0-1,2-1,0-1,2-2,50.0,50.0,51.44,52.75,60.36,56.4,31.25,33.56,-2.31,50.0,89
UNLV,Mountain West,4,2-2,50.0,-6.19,2-1,2-2,0-0,0-1,2-1,0-4,0.0,100.0,55.5,43.25,39.5,53.17,21.5,30.72,-9.22,25.0,90
Maryland,Big Ten,4,2-2,50.0,-6.5,1-2,2-0,0-2,1-2,1-0,3-1,75.0,25.0,54.44,58.0,59.2,55.24,32.25,33.72,-1.47,75.0,91
Rutgers,Big Ten,4,2-2,50.0,-6.62,2-1,1-1,1-1,2-1,0-1,3-1,75.0,25.0,56.25,62.25,59.41,53.44,33.75,34.06,-0.31,50.0,92
Boston College,ACC,4,2-2,50.0,-8.0,2-1,1-1,1-1,2-1,0-1,0-4,0.0,100.0,51.19,42.75,38.19,46.41,19.75,27.97,-8.22,0.0,93
Penn State,Big Ten,5,2-3,40.0,-3.95,1-2,2-3,0-0,2-1,0-2,3-2,60.0,40.0,48.25,48.0,65.42,65.8,32.0,34.1,-2.1,40.0,94
Sacramento State,Mid-American,5,2-3,40.0,-6.95,1-2,1-0,1-3,2-1,0-2,1-4,20.0,80.0,50.55,46.2,32.62,36.51,17.6,23.25,-5.65,20.0,95
Eastern Michigan,Mid-American,5,2-3,40.0,-7.0,1-2,2-1,0-2,2-1,0-2,1-4,20.0,80.0,50.95,46.2,36.46,45.78,19.0,24.88,-5.88,0.0,96
Charlotte,American Athletic,5,2-3,40.0,-9.6,1-2,0-1,2-2,0-3,2-0,2-3,40.0,60.0,52.6,57.8,33.57,28.1,17.2,19.4,-2.2,60.0,97
Western Kentucky,Conference USA,5,2-3,40.0,-10.55,2-1,1-1,1-2,1-0,1-3,3-2,60.0,40.0,56.2,59.4,34.98,32.05,19.8,23.48,-3.68,40.0,98
Syracuse,ACC,3,1-2,33.3,5.92,1-2,1-1,0-1,1-1,0-1,1-2,33.3,66.7,54.75,49.33,58.27,58.1,32.33,32.08,0.25,33.3,99
North Carolina,ACC,3,1-2,33.3,1.17,1-2,0-1,1-1,0-1,0-1,1-2,33.3,66.7,48.67,37.0,46.91,64.59,23.33,28.58,-5.25,0.0,100
Air Force,Mountain West,3,1-2,33.3,-0.83,1-2,1-1,0-1,1-1,0-1,2-1,66.7,33.3,51.83,57.67,65.81,65.96,34.0,31.5,2.5,66.7,101
SMU,ACC,4,1-2-1,33.3,-3.5,1-2,1-1,0-1,1-1,0-1,2-2,50.0,50.0,57.69,61.75,63.77,59.87,37.0,36.72,0.28,50.0,102
Kansas,Big 12,3,1-2,33.3,-4.33,1-2,1-0,0-2,1-1,0-0,2-1,66.7,33.3,52.83,52.33,55.05,55.51,29.67,32.08,-2.42,33.3,103
Florida State,ACC,4,1-2-1,33.3,-7.06,1-1,0-2,1-0,0-2,1-0,1-3,25.0,75.0,54.94,57.25,58.61,59.63,32.0,34.38,-2.38,25.0,104
NC State,ACC,4,1-3,25.0,3.5,1-2,1-1,0-2,1-1,0-2,3-1,75.0,25.0,52.0,63.25,73.59,55.74,38.25,30.88,7.38,75.0,105
Texas,SEC,4,1-3,25.0,3.25,0-3,1-3,0-0,1-2,0-1,1-3,25.0,75.0,56.06,46.5,58.15,69.46,33.25,36.41,-3.16,25.0,106
Arkansas State,Sun Belt,4,1-3,25.0,-0.62,1-2,1-1,0-2,1-1,0-2,2-2,50.0,50.0,54.56,48.5,45.58,49.44,25.0,28.34,-3.34,50.0,107
Auburn,SEC,4,1-3,25.0,-2.44,1-2,1-2,0-1,1-2,0-0,1-3,25.0,75.0,55.75,50.75,54.15,60.29,30.0,33.72,-3.72,25.0,108
Troy,Sun Belt,4,1-3,25.0,-2.75,1-2,0-2,1-1,0-2,1-1,0-4,0.0,100.0,50.62,42.75,41.37,47.72,21.25,26.56,-5.31,25.0,109
UTEP,Mountain West,4,1-3,25.0,-2.88,1-2,1-0,0-3,1-1,0-2,2-2,50.0,50.0,52.44,55.25,35.69,31.44,18.75,18.78,-0.03,50.0,110
Northern Illinois,Mountain West,4,1-3,25.0,-3.12,1-2,0-0,1-3,0-1,1-2,2-2,50.0,50.0,49.75,50.0,27.22,25.88,13.75,15.19,-1.44,50.0,111
South Carolina,SEC,4,1-3,25.0,-4.0,0-3,1-2,0-1,1-2,0-1,3-1,75.0,25.0,55.81,63.25,69.21,63.88,38.5,36.78,1.72,50.0,112
Tulane,American Athletic,4,1-3,25.0,-4.0,1-2,0-2,1-1,0-2,1-1,2-2,50.0,50.0,50.25,42.0,37.58,40.35,18.75,24.88,-6.12,25.0,113
East Carolina,American Athletic,4,1-3,25.0,-4.56,1-2,0-2,1-1,0-2,1-1,1-3,25.0,75.0,53.88,49.25,43.73,50.18,24.0,28.59,-4.59,0.0,114
Purdue,Big Ten,4,1-3,25.0,-5.5,1-2,0-1,1-2,1-2,0-1,4-0,100.0,0.0,54.31,71.5,59.58,44.42,32.0,26.16,5.84,50.0,115
Missouri,SEC,4,1-3,25.0,-5.69,1-2,1-2,0-1,0-2,1-1,2-2,50.0,50.0,55.62,56.5,63.78,62.2,35.75,38.16,-2.41,25.0,116
Ball State,Mid-American,4,1-3,25.0,-5.94,1-2,1-0,0-3,1-0,0-3,3-1,75.0,25.0,52.38,55.5,34.7,32.96,18.0,19.41,-1.41,50.0,117
Ole Miss,SEC,4,1-3,25.0,-6.31,1-2,0-2,1-1,1-1,0-1,2-2,50.0,50.0,57.88,66.25,61.53,56.51,35.5,34.47,1.03,75.0,118
Arkansas,SEC,4,1-3,25.0,-6.5,1-2,1-1,0-2,1-2,0-1,1-3,25.0,75.0,56.25,50.0,41.02,50.04,23.0,29.38,-6.38,50.0,119
Central Michigan,Mid-American,4,1-3,25.0,-6.81,1-2,0-1,1-2,1-1,0-2,1-3,25.0,75.0,47.0,39.25,26.9,37.03,11.75,19.03,-7.28,25.0,120
Wyoming,Mountain West,4,1-3,25.0,-7.81,1-2,0-2,1-1,1-1,0-2,1-3,25.0,75.0,43.62,38.25,40.39,47.81,17.75,24.34,-6.59,25.0,121
Oklahoma,SEC,4,1-3,25.0,-7.94,0-3,1-2,0-1,1-1,0-2,1-3,25.0,75.0,46.0,38.0,45.75,57.78,22.0,29.97,-7.97,25.0,122
Colorado,Big 12,4,1-3,25.0,-8.0,0-3,0-1,1-2,0-1,1-2,2-2,50.0,50.0,53.12,46.0,38.87,43.44,21.5,29.06,-7.56,25.0,123
Hawai'i,Mountain West,4,1-3,25.0,-8.56,1-2,1-1,0-2,1-1,0-2,1-3,25.0,75.0,49.69,44.0,36.67,37.96,18.0,25.12,-7.12,50.0,124
California,ACC,4,1-3,25.0,-9.75,1-2,0-1,1-2,0-3,1-0,1-3,25.0,75.0,56.94,49.5,44.02,51.39,26.0,34.59,-8.59,0.0,125
Texas Tech,Big 12,4,1-3,25.0,-10.5,1-2,1-3,0-0,1-2,0-1,3-1,75.0,25.0,55.44,54.75,65.5,66.42,36.25,41.84,-5.59,25.0,126
Bowling Green,Mid-American,4,1-3,25.0,-10.69,1-2,0-1,1-2,1-1,0-2,2-2,50.0,50.0,47.44,44.5,17.36,22.95,8.25,15.06,-6.81,0.0,127
UL Monroe,Sun Belt,4,1-3,25.0,-11.62,1-2,0-1,1-2,0-2,1-1,3-1,75.0,25.0,53.69,64.0,40.71,34.04,21.25,21.91,-0.66,25.0,128
Marshall,Sun Belt,4,1-3,25.0,-13.5,1-2,1-2,0-1,0-2,1-1,2-2,50.0,50.0,54.38,56.0,42.79,39.53,23.5,29.44,-5.94,25.0,129
USC,Big Ten,5,1-4,20.0,-8.1,0-3,1-3,0-1,1-3,0-1,4-1,80.0,20.0,58.05,66.2,68.91,63.61,39.8,39.78,0.02,60.0,130
Arizona,Big 12,4,0-4,0.0,-5.0,0-3,0-3,0-1,0-2,0-2,2-2,50.0,50.0,51.5,51.0,62.25,62.73,32.0,34.75,-2.75,25.0,131
Indiana,Big Ten,4,0-4,0.0,-6.88,0-3,0-4,0-0,0-4,0-0,2-2,50.0,50.0,58.31,53.25,73.88,83.06,43.5,49.47,-5.97,25.0,132
Georgia Tech,ACC,4,0-4,0.0,-7.88,0-3,0-3,0-1,0-3,0-1,2-2,50.0,50.0,53.81,53.0,49.75,51.8,27.0,31.34,-4.34,50.0,133
Navy,American Athletic,3,0-3,0.0,-9.0,0-3,0-3,0-0,0-1,0-2,2-1,66.7,33.3,53.42,56.33,57.8,54.42,30.67,33.71,-3.04,33.3,134
Buffalo,Mid-American,4,0-4,0.0,-11.44,0-3,0-2,0-2,0-2,0-2,3-1,75.0,25.0,47.38,54.5,45.07,41.16,21.25,23.41,-2.16,50.0,135
San Diego State,Pac-12,4,0-4,0.0,-12.31,0-3,0-2,0-2,0-2,0-2,2-2,50.0,50.0,53.06,51.75,41.04,40.08,23.0,29.81,-6.81,25.0,136
Old Dominion,Sun Belt,4,0-4,0.0,-12.5,0-3,0-2,0-2,0-3,0-1,2-2,50.0,50.0,48.19,52.25,45.9,46.04,22.25,26.47,-4.22,50.0,137
Washington,Big Ten,4,0-4,0.0,-15.5,0-3,0-4,0-0,0-4,0-0,2-2,50.0,50.0,52.56,44.75,52.75,61.5,28.0,39.66,-11.66,0.0,138
