game,kickoff,model_line,model_total,home_win_pct,market,pick,action,price_cents,model_prob,edge_cents,status,market_title,ticker,game_id,week,kickoff_utc,home,away,side,yes_team,opp,strike,total_under,price_dollars,fee
Pittsburgh @ Virginia Tech,Fri 10/02 6:00 PM,Pittsburgh -3.6,59.7,40.9,winner,Pittsburgh to WIN the game,BUY NO,29,0.591,28.7,BET,Virginia Tech wins,KXNCAAFGAME-26OCT02PITTVT-VT,401858245,5,2026-10-02T23:00:00.000Z,Virginia Tech,Pittsburgh,NO,Virginia Tech,Pittsburgh,,,0.29,0.0144
Pittsburgh @ Virginia Tech,Fri 10/02 6:00 PM,Pittsburgh -3.6,59.7,40.9,spread,"Virginia Tech wins by 2 or fewer, or loses",BUY NO,33,0.644,29.8,BET,Virginia Tech wins by over 2.5 points,KXNCAAFSPREAD-26OCT02PITTVT-VT3,401858245,5,2026-10-02T23:00:00.000Z,Virginia Tech,Pittsburgh,NO,Virginia Tech,Pittsburgh,2.5,,0.33,0.0155
Pittsburgh @ Virginia Tech,Fri 10/02 6:00 PM,Pittsburgh -3.6,59.7,40.9,total,OVER 58.5 total points,BUY YES,50,0.535,1.8,LEAN,Over 58.5 points scored,KXNCAAFTOTAL-26OCT02PITTVT-59,401858245,5,2026-10-02T23:00:00.000Z,Virginia Tech,Pittsburgh,YES,,,58.5,False,0.5,0.0175
Liberty @ Delaware,Fri 10/02 6:00 PM,Liberty -1.7,46.9,45.8,winner,Liberty to WIN the game,BUY YES,75,0.542,-22.1,PASS,Liberty wins,KXNCAAFGAME-26OCT02LIBDEL-LIB,401871050,5,2026-10-02T23:00:00.000Z,Delaware,Liberty,YES,Liberty,Delaware,,,0.75,0.0131
Liberty @ Delaware,Fri 10/02 6:00 PM,Liberty -1.7,46.9,45.8,spread,"Liberty wins by 2 or fewer, or loses",BUY NO,30,0.514,20.0,BET,Liberty wins by over 2.5 points,KXNCAAFSPREAD-26OCT02LIBDEL-LIB3,401871050,5,2026-10-02T23:00:00.000Z,Delaware,Liberty,NO,Liberty,Delaware,2.5,,0.3,0.0147
Liberty @ Delaware,Fri 10/02 6:00 PM,Liberty -1.7,46.9,45.8,total,UNDER 49.5 total points,BUY NO,56,0.56,-1.7,PASS,Over 49.5 points scored,KXNCAAFTOTAL-26OCT02LIBDEL-50,401871050,5,2026-10-02T23:00:00.000Z,Delaware,Liberty,NO,,,49.5,False,0.56,0.0172
Penn State @ Northwestern,Fri 10/02 7:00 PM,Penn State -2.0,44.3,44.8,winner,Penn State to WIN the game,BUY YES,57,0.552,-3.6,PASS,Penn St. wins,KXNCAAFGAME-26OCT02PSUNW-PSU,401858476,5,2026-10-03T00:00:00.000Z,Northwestern,Penn State,YES,Penn State,Northwestern,,,0.57,0.0172
Penn State @ Northwestern,Fri 10/02 7:00 PM,Penn State -2.0,44.3,44.8,spread,"Penn State wins by 2 or fewer, or loses",BUY NO,49,0.502,-0.5,PASS,Penn St. wins by over 2.5 points,KXNCAAFSPREAD-26OCT02PSUNW-PSU3,401858476,5,2026-10-03T00:00:00.000Z,Northwestern,Penn State,NO,Penn State,Northwestern,2.5,,0.49,0.0175
Penn State @ Northwestern,Fri 10/02 7:00 PM,Penn State -2.0,44.3,44.8,total,UNDER 46.5 total points,BUY NO,49,0.542,3.5,LEAN,Over 46.5 points scored,KXNCAAFTOTAL-26OCT02PSUNW-47,401858476,5,2026-10-03T00:00:00.000Z,Northwestern,Penn State,NO,,,46.5,False,0.49,0.0175
Memphis @ Charlotte,Sat 10/03 10:00 AM,Memphis -21.5,54.7,7.9,winner,Memphis to WIN the game,BUY YES,92,0.921,-0.4,PASS,Memphis wins,KXNCAAFGAME-26OCT03MEMCHAR-MEM,401862787,5,2026-10-03T15:00:00.000Z,Charlotte,Memphis,YES,Memphis,Charlotte,,,0.92,0.0052
Memphis @ Charlotte,Sat 10/03 10:00 AM,Memphis -21.5,54.7,7.9,spread,Memphis wins by MORE than 17.5,BUY YES,56,0.601,2.3,LEAN,Memphis wins by over 17.5 points,KXNCAAFSPREAD-26OCT03MEMCHAR-MEM18,401862787,5,2026-10-03T15:00:00.000Z,Charlotte,Memphis,YES,Memphis,Charlotte,17.5,,0.56,0.0172
Memphis @ Charlotte,Sat 10/03 10:00 AM,Memphis -21.5,54.7,7.9,total,OVER 54.5 total points,BUY YES,43,0.508,6.1,BET,Full Game: Over 54.5 points scored,KXNCAAFTOTAL-26OCT03MEMCHAR-55,401862787,5,2026-10-03T15:00:00.000Z,Charlotte,Memphis,YES,,,54.5,False,0.43,0.0172
Boston College @ SMU,Sat 10/03 11:00 AM,SMU -19.1,47.9,89.2,winner,SMU to WIN the game,BUY YES,92,0.892,-3.3,PASS,SMU wins,KXNCAAFGAME-26OCT03BCSMU-SMU,401858246,5,2026-10-03T16:00:00.000Z,SMU,Boston College,YES,SMU,Boston College,,,0.92,0.0052
Boston College @ SMU,Sat 10/03 11:00 AM,SMU -19.1,47.9,89.2,spread,"SMU wins by 20 or fewer, or loses",BUY NO,45,0.544,7.6,BET,SMU wins by over 20.5 points,KXNCAAFSPREAD-26OCT03BCSMU-SMU21,401858246,5,2026-10-03T16:00:00.000Z,SMU,Boston College,NO,SMU,Boston College,20.5,,0.45,0.0173
Boston College @ SMU,Sat 10/03 11:00 AM,SMU -19.1,47.9,89.2,total,UNDER 49.5 total points,BUY NO,34,0.532,17.6,BET,Over 49.5 points scored,KXNCAAFTOTAL-26OCT03BCSMU-50,401858246,5,2026-10-03T16:00:00.000Z,SMU,Boston College,NO,,,49.5,False,0.34,0.0157
Stanford @ Wake Forest,Sat 10/03 11:00 AM,Wake Forest -14.8,51.8,83.2,winner,Wake Forest to WIN the game,BUY YES,84,0.832,-1.8,PASS,Wake Forest wins,KXNCAAFGAME-26OCT03STANWAKE-WAKE,401858251,5,2026-10-03T16:00:00.000Z,Wake Forest,Stanford,YES,Wake Forest,Stanford,,,0.84,0.0094
Stanford @ Wake Forest,Sat 10/03 11:00 AM,Wake Forest -14.8,51.8,83.2,spread,Wake Forest wins by MORE than 14.5,BUY YES,49,0.508,0.0,LEAN,Wake Forest wins by over 14.5 points,KXNCAAFSPREAD-26OCT03STANWAKE-WAKE15,401858251,5,2026-10-03T16:00:00.000Z,Wake Forest,Stanford,YES,Wake Forest,Stanford,14.5,,0.49,0.0175
Stanford @ Wake Forest,Sat 10/03 11:00 AM,Wake Forest -14.8,51.8,83.2,total,UNDER 52.5 total points,BUY NO,46,0.515,3.8,LEAN,Over 52.5 points scored,KXNCAAFTOTAL-26OCT03STANWAKE-53,401858251,5,2026-10-03T16:00:00.000Z,Wake Forest,Stanford,NO,,,52.5,False,0.46,0.0174
Syracuse @ UConn,Sat 10/03 11:00 AM,UConn -7.4,56.1,68.7,winner,UConn to WIN the game,BUY NO,32,0.687,35.2,BET,Syracuse wins,KXNCAAFGAME-26OCT03SYRCONN-SYR,401858252,5,2026-10-03T16:00:00.000Z,UConn,Syracuse,NO,Syracuse,UConn,,,0.32,0.0152
Syracuse @ UConn,Sat 10/03 11:00 AM,UConn -7.4,56.1,68.7,spread,"Syracuse wins by 2 or fewer, or loses",BUY NO,36,0.734,35.8,BET,Syracuse wins by over 2.5 points,KXNCAAFSPREAD-26OCT03SYRCONN-SYR3,401858252,5,2026-10-03T16:00:00.000Z,UConn,Syracuse,NO,Syracuse,UConn,2.5,,0.36,0.0161
Syracuse @ UConn,Sat 10/03 11:00 AM,UConn -7.4,56.1,68.7,total,OVER 55.5 total points,BUY YES,37,0.521,13.4,BET,Over 55.5 points scored,KXNCAAFTOTAL-26OCT03SYRCONN-56,401858252,5,2026-10-03T16:00:00.000Z,UConn,Syracuse,YES,,,55.5,False,0.37,0.0163
Michigan @ Minnesota,Sat 10/03 11:00 AM,Michigan -2.5,43.2,43.4,winner,Michigan to WIN the game,BUY YES,67,0.566,-11.9,PASS,Michigan wins,KXNCAAFGAME-26OCT03MICHMINN-MICH,401858474,5,2026-10-03T16:00:00.000Z,Minnesota,Michigan,YES,Michigan,Minnesota,,,0.67,0.0155
Michigan @ Minnesota,Sat 10/03 11:00 AM,Michigan -2.5,43.2,43.4,spread,"Michigan wins by 5 or fewer, or loses",BUY NO,47,0.572,8.5,BET,Michigan wins by over 5.5 points,KXNCAAFSPREAD-26OCT03MICHMINN-MICH6,401858474,5,2026-10-03T16:00:00.000Z,Minnesota,Michigan,NO,Michigan,Minnesota,5.5,,0.47,0.0174
Michigan @ Minnesota,Sat 10/03 11:00 AM,Michigan -2.5,43.2,43.4,total,OVER 41.5 total points,BUY YES,55,0.541,-2.6,PASS,Over 41.5 points scored,KXNCAAFTOTAL-26OCT03MICHMINN-42,401858474,5,2026-10-03T16:00:00.000Z,Minnesota,Michigan,YES,,,41.5,False,0.55,0.0173
Navy @ Air Force,Sat 10/03 11:00 AM,Navy -0.8,61.3,48.0,winner,Navy to WIN the game,BUY YES,43,0.52,7.3,BET,Navy wins,KXNCAAFGAME-26OCT03NAVYAFA-NAVY,401862791,5,2026-10-03T16:00:00.000Z,Air Force,Navy,YES,Navy,Air Force,,,0.43,0.0172
Navy @ Air Force,Sat 10/03 11:00 AM,Navy -0.8,61.3,48.0,spread,"Air Force wins by 1 or fewer, or loses",BUY NO,45,0.547,8.0,BET,Air Force wins by over 1.5 points,KXNCAAFSPREAD-26OCT03NAVYAFA-AFA2,401862791,5,2026-10-03T16:00:00.000Z,Air Force,Navy,NO,Air Force,Navy,1.5,,0.45,0.0173
Navy @ Air Force,Sat 10/03 11:00 AM,Navy -0.8,61.3,48.0,total,OVER 52.5 total points,BUY YES,33,0.701,35.5,BET,Over 52.5 points scored,KXNCAAFTOTAL-26OCT03NAVYAFA-53,401862791,5,2026-10-03T16:00:00.000Z,Air Force,Navy,YES,,,52.5,False,0.33,0.0155
Alabama @ Mississippi State,Sat 10/03 11:00 AM,Alabama -8.7,74.7,28.5,winner,Alabama to WIN the game,BUY NO,67,0.715,3.0,LEAN,Mississippi St. wins,KXNCAAFGAME-26OCT03ALAMSST-MSST,401856707,5,2026-10-03T16:00:00.000Z,Mississippi State,Alabama,NO,Mississippi State,Alabama,,,0.67,0.0155
Alabama @ Mississippi State,Sat 10/03 11:00 AM,Alabama -8.7,74.7,28.5,spread,Alabama wins by MORE than 7.5,BUY YES,41,0.531,10.4,BET,Alabama wins by over 7.5 points,KXNCAAFSPREAD-26OCT03ALAMSST-ALA8,401856707,5,2026-10-03T16:00:00.000Z,Mississippi State,Alabama,YES,Alabama,Mississippi State,7.5,,0.41,0.0169
Alabama @ Mississippi State,Sat 10/03 11:00 AM,Alabama -8.7,74.7,28.5,total,OVER 69.5 total points,BUY YES,29,0.626,32.2,BET,Over 69.5 points scored,KXNCAAFTOTAL-26OCT03ALAMSST-70,401856707,5,2026-10-03T16:00:00.000Z,Mississippi State,Alabama,YES,,,69.5,False,0.29,0.0144
Middle Tennessee @ Kansas,Sat 10/03 11:00 AM,Kansas -11.1,49.0,76.2,winner,Kansas to WIN the game,BUY NO,91,0.762,-15.3,PASS,Middle Tennessee wins,KXNCAAFGAME-26OCT03MTUKU-MTU,401856807,5,2026-10-03T16:00:00.000Z,Kansas,Middle Tennessee,NO,Middle Tennessee,Kansas,,,0.91,0.0057
Middle Tennessee @ Kansas,Sat 10/03 11:00 AM,Kansas -11.1,49.0,76.2,spread,"Kansas wins by 13 or fewer, or loses",BUY NO,35,0.572,20.6,BET,Kansas wins by over 13.5 points,KXNCAAFSPREAD-26OCT03MTUKU-KU14,401856807,5,2026-10-03T16:00:00.000Z,Kansas,Middle Tennessee,NO,Kansas,Middle Tennessee,13.5,,0.35,0.0159
Middle Tennessee @ Kansas,Sat 10/03 11:00 AM,Kansas -11.1,49.0,76.2,total,UNDER 50.5 total points,BUY NO,50,0.53,1.3,LEAN,Full Game: Over 50.5 points scored,KXNCAAFTOTAL-26OCT03MTUKU-51,401856807,5,2026-10-03T16:00:00.000Z,Kansas,Middle Tennessee,NO,,,50.5,False,0.5,0.0175
West Virginia @ Iowa State,Sat 10/03 11:00 AM,Iowa State -10.3,54.4,75.3,winner,Iowa State to WIN the game,BUY YES,59,0.753,14.6,BET,Iowa St. wins,KXNCAAFGAME-26OCT03WVUISU-ISU,401856822,5,2026-10-03T16:00:00.000Z,Iowa State,West Virginia,YES,Iowa State,West Virginia,,,0.59,0.0169
West Virginia @ Iowa State,Sat 10/03 11:00 AM,Iowa State -10.3,54.4,75.3,spread,Iowa State wins by MORE than 7.5,BUY YES,34,0.573,21.7,BET,Iowa St. wins by over 7.5 points,KXNCAAFSPREAD-26OCT03WVUISU-ISU8,401856822,5,2026-10-03T16:00:00.000Z,Iowa State,West Virginia,YES,Iowa State,West Virginia,7.5,,0.34,0.0157
West Virginia @ Iowa State,Sat 10/03 11:00 AM,Iowa State -10.3,54.4,75.3,total,OVER 54.5 total points,BUY YES,46,0.501,2.4,LEAN,Over 54.5 points scored,KXNCAAFTOTAL-26OCT03WVUISU-55,401856822,5,2026-10-03T16:00:00.000Z,Iowa State,West Virginia,YES,,,54.5,False,0.46,0.0174
UCF @ Houston,Sat 10/03 11:00 AM,Houston -6.3,55.9,65.7,winner,Houston to WIN the game,BUY YES,80,0.657,-15.4,PASS,Houston wins,KXNCAAFGAME-26OCT03UCFHOU-HOU,401856819,5,2026-10-03T16:00:00.000Z,Houston,UCF,YES,Houston,UCF,,,0.8,0.0112
UCF @ Houston,Sat 10/03 11:00 AM,Houston -6.3,55.9,65.7,spread,"Houston wins by 6 or fewer, or loses",BUY NO,36,0.507,13.1,BET,Houston wins by over 6.5 points,KXNCAAFSPREAD-26OCT03UCFHOU-HOU7,401856819,5,2026-10-03T16:00:00.000Z,Houston,UCF,NO,Houston,UCF,6.5,,0.36,0.0161
UCF @ Houston,Sat 10/03 11:00 AM,Houston -6.3,55.9,65.7,total,OVER 51.5 total points,BUY YES,48,0.606,10.9,BET,Over 51.5 points scored,KXNCAAFTOTAL-26OCT03UCFHOU-52,401856819,5,2026-10-03T16:00:00.000Z,Houston,UCF,YES,,,51.5,False,0.48,0.0175
Notre Dame @ North Carolina,Sat 10/03 11:00 AM,Notre Dame -22.6,40.7,7.0,winner,Notre Dame to WIN the game,BUY NO,94,0.93,-1.4,PASS,North Carolina wins,KXNCAAFGAME-26OCT03NDUNC-UNC,401858250,5,2026-10-03T16:00:00.000Z,North Carolina,Notre Dame,NO,North Carolina,Notre Dame,,,0.94,0.0039
Notre Dame @ North Carolina,Sat 10/03 11:00 AM,Notre Dame -22.6,40.7,7.0,spread,Notre Dame wins by MORE than 21.5,BUY YES,47,0.502,1.4,LEAN,Notre Dame wins by over 21.5 points,KXNCAAFSPREAD-26OCT03NDUNC-ND22,401858250,5,2026-10-03T16:00:00.000Z,North Carolina,Notre Dame,YES,Notre Dame,North Carolina,21.5,,0.47,0.0174
Notre Dame @ North Carolina,Sat 10/03 11:00 AM,Notre Dame -22.6,40.7,7.0,total,UNDER 42.5 total points,BUY NO,39,0.523,11.6,BET,Over 42.5 points scored,KXNCAAFTOTAL-26OCT03NDUNC-43,401858250,5,2026-10-03T16:00:00.000Z,North Carolina,Notre Dame,NO,,,42.5,False,0.39,0.0167
Michigan State @ Wisconsin,Sat 10/03 11:30 AM,Wisconsin -4.5,37.6,61.8,winner,Wisconsin to WIN the game,BUY YES,77,0.618,-16.4,PASS,Wisconsin wins,KXNCAAFGAME-26OCT03MSUWIS-WIS,401858479,5,2026-10-03T16:30:00.000Z,Wisconsin,Michigan State,YES,Wisconsin,Michigan State,,,0.77,0.0124
Michigan State @ Wisconsin,Sat 10/03 11:30 AM,Wisconsin -4.5,37.6,61.8,spread,"Wisconsin wins by 5 or fewer, or loses",BUY NO,38,0.522,12.5,BET,Wisconsin wins by over 5.5 points,KXNCAAFSPREAD-26OCT03MSUWIS-WIS6,401858479,5,2026-10-03T16:30:00.000Z,Wisconsin,Michigan State,NO,Wisconsin,Michigan State,5.5,,0.38,0.0165
Michigan State @ Wisconsin,Sat 10/03 11:30 AM,Wisconsin -4.5,37.6,61.8,total,UNDER 39.5 total points,BUY NO,41,0.542,11.5,BET,Over 39.5 points scored,KXNCAAFTOTAL-26OCT03MSUWIS-40,401858479,5,2026-10-03T16:30:00.000Z,Wisconsin,Michigan State,NO,,,39.5,False,0.41,0.0169
Vanderbilt @ Georgia,Sat 10/03 11:45 AM,Georgia -18.2,61.6,87.8,winner,Georgia to WIN the game,BUY NO,96,0.878,-8.5,PASS,Vanderbilt wins,KXNCAAFGAME-26OCT03VANUGA-VAN,401856705,5,2026-10-03T16:45:00.000Z,Georgia,Vanderbilt,NO,Vanderbilt,Georgia,,,0.96,0.0027
Vanderbilt @ Georgia,Sat 10/03 11:45 AM,Georgia -18.2,61.6,87.8,spread,"Georgia wins by 23 or fewer, or loses",BUY NO,43,0.639,19.2,BET,Georgia wins by over 23.5 points,KXNCAAFSPREAD-26OCT03VANUGA-UGA24,401856705,5,2026-10-03T16:45:00.000Z,Georgia,Vanderbilt,NO,Georgia,Vanderbilt,23.5,,0.43,0.0172
Vanderbilt @ Georgia,Sat 10/03 11:45 AM,Georgia -18.2,61.6,87.8,total,OVER 59.5 total points,BUY YES,27,0.554,27.0,BET,Over 59.5 points scored,KXNCAAFTOTAL-26OCT03VANUGA-60,401856705,5,2026-10-03T16:45:00.000Z,Georgia,Vanderbilt,YES,,,59.5,False,0.27,0.0138
Western Michigan @ Buffalo,Sat 10/03 12:00 PM,Western Michigan -13.3,44.9,19.7,winner,Western Michigan to WIN the game,BUY YES,84,0.803,-4.6,PASS,Western Michigan wins,KXNCAAFGAME-26OCT03WMUBUFF-WMU,401866432,5,2026-10-03T17:00:00.000Z,Buffalo,Western Michigan,YES,Western Michigan,Buffalo,,,0.84,0.0094
Western Michigan @ Buffalo,Sat 10/03 12:00 PM,Western Michigan -13.3,44.9,19.7,spread,Western Michigan wins by MORE than 10.5,BUY YES,55,0.567,-0.0,PASS,Western Michigan wins by over 10.5 points,KXNCAAFSPREAD-26OCT03WMUBUFF-WMU11,401866432,5,2026-10-03T17:00:00.000Z,Buffalo,Western Michigan,YES,Western Michigan,Buffalo,10.5,,0.55,0.0173
Western Michigan @ Buffalo,Sat 10/03 12:00 PM,Western Michigan -13.3,44.9,19.7,total,UNDER 45.5 total points,BUY NO,49,0.511,0.3,LEAN,Full Game: Over 45.5 points scored,KXNCAAFTOTAL-26OCT03WMUBUFF-46,401866432,5,2026-10-03T17:00:00.000Z,Buffalo,Western Michigan,NO,,,45.5,False,0.49,0.0175
Toledo @ Ball State,Sat 10/03 1:00 PM,Toledo -19.4,61.6,10.3,winner,Toledo to WIN the game,BUY NO,91,0.897,-1.9,PASS,Ball St. wins,KXNCAAFGAME-26OCT03TOLBALL-BALL,401866431,5,2026-10-03T18:00:00.000Z,Ball State,Toledo,NO,Ball State,Toledo,,,0.91,0.0057
Toledo @ Ball State,Sat 10/03 1:00 PM,Toledo -19.4,61.6,10.3,spread,"Toledo wins by 20 or fewer, or loses",BUY NO,48,0.536,3.9,LEAN,Toledo wins by over 20.5 points,KXNCAAFSPREAD-26OCT03TOLBALL-TOL21,401866431,5,2026-10-03T18:00:00.000Z,Ball State,Toledo,NO,Toledo,Ball State,20.5,,0.48,0.0175
Toledo @ Ball State,Sat 10/03 1:00 PM,Toledo -19.4,61.6,10.3,total,OVER 52.5 total points,BUY YES,47,0.712,22.5,BET,Over 52.5 points scored,KXNCAAFTOTAL-26OCT03TOLBALL-53,401866431,5,2026-10-03T18:00:00.000Z,Ball State,Toledo,YES,,,52.5,False,0.47,0.0174
Old Dominion @ Georgia State,Sat 10/03 2:30 PM,Georgia State -3.3,57.5,57.9,winner,Georgia State to WIN the game,BUY NO,56,0.579,0.2,LEAN,Old Dominion wins,KXNCAAFGAME-26OCT03ODUGAST-ODU,401869956,5,2026-10-03T19:30:00.000Z,Georgia State,Old Dominion,NO,Old Dominion,Georgia State,,,0.56,0.0172
Old Dominion @ Georgia State,Sat 10/03 2:30 PM,Georgia State -3.3,57.5,57.9,spread,"Old Dominion wins by 2 or fewer, or loses",BUY NO,60,0.631,1.4,LEAN,Old Dominion wins by over 2.5 points,KXNCAAFSPREAD-26OCT03ODUGAST-ODU3,401869956,5,2026-10-03T19:30:00.000Z,Georgia State,Old Dominion,NO,Old Dominion,Georgia State,2.5,,0.6,0.0168
Old Dominion @ Georgia State,Sat 10/03 2:30 PM,Georgia State -3.3,57.5,57.9,total,OVER 52.5 total points,BUY YES,48,0.624,12.7,BET,Over 52.5 points scored,KXNCAAFTOTAL-26OCT03ODUGAST-53,401869956,5,2026-10-03T19:30:00.000Z,Georgia State,Old Dominion,YES,,,52.5,False,0.48,0.0175
California @ UNLV,Sat 10/03 2:30 PM,UNLV -8.1,44.0,70.5,winner,UNLV to WIN the game,BUY YES,55,0.705,13.7,BET,UNLV wins,KXNCAAFGAME-26OCT03CALUNLV-UNLV,401858247,5,2026-10-03T19:30:00.000Z,UNLV,California,YES,UNLV,California,,,0.55,0.0173
California @ UNLV,Sat 10/03 2:30 PM,UNLV -8.1,44.0,70.5,spread,UNLV wins by MORE than 3.5,BUY YES,42,0.626,18.9,BET,UNLV wins by over 3.5 points,KXNCAAFSPREAD-26OCT03CALUNLV-UNLV4,401858247,5,2026-10-03T19:30:00.000Z,UNLV,California,YES,UNLV,California,3.5,,0.42,0.0171
California @ UNLV,Sat 10/03 2:30 PM,UNLV -8.1,44.0,70.5,total,UNDER 49.5 total points,BUY NO,39,0.633,22.7,BET,Over 49.5 points scored,KXNCAAFTOTAL-26OCT03CALUNLV-50,401858247,5,2026-10-03T19:30:00.000Z,UNLV,California,NO,,,49.5,False,0.39,0.0167
Florida @ Missouri,Sat 10/03 2:30 PM,Florida -2.9,63.4,42.2,winner,Florida to WIN the game,BUY NO,67,0.578,-10.8,PASS,Missouri wins,KXNCAAFGAME-26OCT03FLAMIZZ-MIZZ,401856708,5,2026-10-03T19:30:00.000Z,Missouri,Florida,NO,Missouri,Florida,,,0.67,0.0155
Florida @ Missouri,Sat 10/03 2:30 PM,Florida -2.9,63.4,42.2,spread,"Florida wins by 3 or fewer, or loses",BUY NO,44,0.505,4.8,LEAN,Florida wins by over 3.5 points,KXNCAAFSPREAD-26OCT03FLAMIZZ-FLA4,401856708,5,2026-10-03T19:30:00.000Z,Missouri,Florida,NO,Florida,Missouri,3.5,,0.44,0.0172
Florida @ Missouri,Sat 10/03 2:30 PM,Florida -2.9,63.4,42.2,total,OVER 60.5 total points,BUY YES,43,0.574,12.7,BET,Over 60.5 points scored,KXNCAAFTOTAL-26OCT03FLAMIZZ-61,401856708,5,2026-10-03T19:30:00.000Z,Missouri,Florida,YES,,,60.5,False,0.43,0.0172
Louisville @ NC State,Sat 10/03 2:30 PM,Louisville -1.1,69.6,47.3,winner,Louisville to WIN the game,BUY YES,61,0.527,-10.0,PASS,Louisville wins,KXNCAAFGAME-26OCT03LOUNCST-LOU,401858248,5,2026-10-03T19:30:00.000Z,NC State,Louisville,YES,Louisville,NC State,,,0.61,0.0167
Louisville @ NC State,Sat 10/03 2:30 PM,Louisville -1.1,69.6,47.3,spread,"Louisville wins by 2 or fewer, or loses",BUY NO,44,0.527,6.9,BET,Louisville wins by over 2.5 points,KXNCAAFSPREAD-26OCT03LOUNCST-LOU3,401858248,5,2026-10-03T19:30:00.000Z,NC State,Louisville,NO,Louisville,NC State,2.5,,0.44,0.0172
Louisville @ NC State,Sat 10/03 2:30 PM,Louisville -1.1,69.6,47.3,total,OVER 59.5 total points,BUY YES,44,0.732,27.4,BET,Over 59.5 points scored,KXNCAAFTOTAL-26OCT03LOUNCST-60,401858248,5,2026-10-03T19:30:00.000Z,NC State,Louisville,YES,,,59.5,False,0.44,0.0172
Akron @ Central Michigan,Sat 10/03 2:30 PM,Central Michigan -8.2,41.2,70.1,winner,Central Michigan to WIN the game,BUY YES,69,0.701,-0.4,PASS,Central Michigan wins,KXNCAAFGAME-26OCT03AKRCMU-CMU,401866430,5,2026-10-03T19:30:00.000Z,Central Michigan,Akron,YES,Central Michigan,Akron,,,0.69,0.015
Akron @ Central Michigan,Sat 10/03 2:30 PM,Central Michigan -8.2,41.2,70.1,spread,Central Michigan wins by MORE than 7.5,BUY YES,46,0.517,3.9,LEAN,Central Michigan wins by over 7.5 points,KXNCAAFSPREAD-26OCT03AKRCMU-CMU8,401866430,5,2026-10-03T19:30:00.000Z,Central Michigan,Akron,YES,Central Michigan,Akron,7.5,,0.46,0.0174
Akron @ Central Michigan,Sat 10/03 2:30 PM,Central Michigan -8.2,41.2,70.1,total,UNDER 41.5 total points,BUY NO,35,0.508,14.2,BET,Over 41.5 points scored,KXNCAAFTOTAL-26OCT03AKRCMU-42,401866430,5,2026-10-03T19:30:00.000Z,Central Michigan,Akron,NO,,,41.5,False,0.35,0.0159
Auburn @ Tennessee,Sat 10/03 2:30 PM,Tennessee -9.0,58.9,72.1,winner,Tennessee to WIN the game,BUY NO,72,0.721,-1.3,PASS,Auburn wins,KXNCAAFGAME-26OCT03AUBTENN-AUB,401856710,5,2026-10-03T19:30:00.000Z,Tennessee,Auburn,NO,Auburn,Tennessee,,,0.72,0.0141
Auburn @ Tennessee,Sat 10/03 2:30 PM,Tennessee -9.0,58.9,72.1,spread,Tennessee wins by MORE than 7.5,BUY YES,46,0.534,5.6,BET,Tennessee wins by over 7.5 points,KXNCAAFSPREAD-26OCT03AUBTENN-TENN8,401856710,5,2026-10-03T19:30:00.000Z,Tennessee,Auburn,YES,Tennessee,Auburn,7.5,,0.46,0.0174
Auburn @ Tennessee,Sat 10/03 2:30 PM,Tennessee -9.0,58.9,72.1,total,OVER 55.5 total points,BUY YES,44,0.578,12.1,BET,Over 55.5 points scored,KXNCAAFTOTAL-26OCT03AUBTENN-56,401856710,5,2026-10-03T19:30:00.000Z,Tennessee,Auburn,YES,,,55.5,False,0.44,0.0172
Wyoming @ North Dakota State,Sat 10/03 2:30 PM,North Dakota State -22.2,30.1,92.9,winner,North Dakota State to WIN the game,BUY NO,90,0.929,2.3,LEAN,Wyoming wins,KXNCAAFGAME-26OCT03WYONDSU-WYO,401864515,5,2026-10-03T19:30:00.000Z,North Dakota State,Wyoming,NO,Wyoming,North Dakota State,,,0.9,0.0063
Wyoming @ North Dakota State,Sat 10/03 2:30 PM,North Dakota State -22.2,30.1,92.9,spread,North Dakota State wins by MORE than 17.5,BUY YES,48,0.569,7.2,BET,North Dakota St. wins by over 17.5 points,KXNCAAFSPREAD-26OCT03WYONDSU-NDSU18,401864515,5,2026-10-03T19:30:00.000Z,North Dakota State,Wyoming,YES,North Dakota State,Wyoming,17.5,,0.48,0.0175
Wyoming @ North Dakota State,Sat 10/03 2:30 PM,North Dakota State -22.2,30.1,92.9,total,UNDER 40.5 total points,BUY NO,36,0.718,34.1,BET,Full Game: Over 40.5 points scored,KXNCAAFTOTAL-26OCT03WYONDSU-41,401864515,5,2026-10-03T19:30:00.000Z,North Dakota State,Wyoming,NO,,,40.5,False,0.36,0.0161
Ohio State @ Iowa,Sat 10/03 2:30 PM,Ohio State -9.4,44.2,27.2,winner,Ohio State to WIN the game,BUY YES,85,0.728,-13.1,PASS,Ohio St. wins,KXNCAAFGAME-26OCT03OSUIOWA-OSU,401858473,5,2026-10-03T19:30:00.000Z,Iowa,Ohio State,YES,Ohio State,Iowa,,,0.85,0.0089
Ohio State @ Iowa,Sat 10/03 2:30 PM,Ohio State -9.4,44.2,27.2,spread,"Ohio State wins by 13 or fewer, or loses",BUY NO,45,0.61,14.2,BET,Ohio St. wins by over 13.5 points,KXNCAAFSPREAD-26OCT03OSUIOWA-OSU14,401858473,5,2026-10-03T19:30:00.000Z,Iowa,Ohio State,NO,Ohio State,Iowa,13.5,,0.45,0.0173
Ohio State @ Iowa,Sat 10/03 2:30 PM,Ohio State -9.4,44.2,27.2,total,UNDER 44.5 total points,BUY NO,47,0.505,1.7,LEAN,Over 44.5 points scored,KXNCAAFTOTAL-26OCT03OSUIOWA-45,401858473,5,2026-10-03T19:30:00.000Z,Iowa,Ohio State,NO,,,44.5,False,0.47,0.0174
Bowling Green @ Miami (OH),Sat 10/03 2:30 PM,Miami (OH) -17.1,41.8,86.7,winner,Miami (OH) to WIN the game,BUY YES,83,0.867,2.7,LEAN,Miami (OH) wins,KXNCAAFGAME-26OCT03BGSUMOH-MOH,401866477,5,2026-10-03T19:30:00.000Z,Miami (OH),Bowling Green,YES,Miami (OH),Bowling Green,,,0.83,0.0099
Bowling Green @ Miami (OH),Sat 10/03 2:30 PM,Miami (OH) -17.1,41.8,86.7,spread,Miami (OH) wins by MORE than 14.5,BUY YES,42,0.553,11.6,BET,Miami (OH) wins by over 14.5 points,KXNCAAFSPREAD-26OCT03BGSUMOH-MOH15,401866477,5,2026-10-03T19:30:00.000Z,Miami (OH),Bowling Green,YES,Miami (OH),Bowling Green,14.5,,0.42,0.0171
Bowling Green @ Miami (OH),Sat 10/03 2:30 PM,Miami (OH) -17.1,41.8,86.7,total,UNDER 42.5 total points,BUY NO,50,0.51,-0.7,PASS,Full Game: Over 42.5 points scored,KXNCAAFTOTAL-26OCT03BGSUMOH-43,401866477,5,2026-10-03T19:30:00.000Z,Miami (OH),Bowling Green,NO,,,42.5,False,0.5,0.0175
Ohio @ Kent State,Sat 10/03 2:30 PM,Ohio -6.0,55.8,34.4,winner,Ohio to WIN the game,BUY YES,62,0.656,2.0,LEAN,Ohio wins,KXNCAAFGAME-26OCT03OHIOKENT-OHIO,401866434,5,2026-10-03T19:30:00.000Z,Kent State,Ohio,YES,Ohio,Kent State,,,0.62,0.0165
Ohio @ Kent State,Sat 10/03 2:30 PM,Ohio -6.0,55.8,34.4,spread,Ohio wins by MORE than 4.5,BUY YES,47,0.547,6.0,BET,Ohio wins by over 4.5 points,KXNCAAFSPREAD-26OCT03OHIOKENT-OHIO5,401866434,5,2026-10-03T19:30:00.000Z,Kent State,Ohio,YES,Ohio,Kent State,4.5,,0.47,0.0174
Ohio @ Kent State,Sat 10/03 2:30 PM,Ohio -6.0,55.8,34.4,total,OVER 53.5 total points,BUY YES,41,0.559,13.2,BET,Over 53.5 points scored,KXNCAAFTOTAL-26OCT03OHIOKENT-54,401866434,5,2026-10-03T19:30:00.000Z,Kent State,Ohio,YES,,,53.5,False,0.41,0.0169
Eastern Michigan @ Massachusetts,Sat 10/03 2:30 PM,Massachusetts -11.0,44.2,75.9,winner,Massachusetts to WIN the game,BUY YES,67,0.759,7.4,BET,UMass wins,KXNCAAFGAME-26OCT03EMUMASS-MASS,401866433,5,2026-10-03T19:30:00.000Z,Massachusetts,Eastern Michigan,YES,Massachusetts,Eastern Michigan,,,0.67,0.0155
Eastern Michigan @ Massachusetts,Sat 10/03 2:30 PM,Massachusetts -11.0,44.2,75.9,spread,Massachusetts wins by MORE than 7.5,BUY YES,41,0.584,15.7,BET,UMass wins by over 7.5 points,KXNCAAFSPREAD-26OCT03EMUMASS-MASS8,401866433,5,2026-10-03T19:30:00.000Z,Massachusetts,Eastern Michigan,YES,Massachusetts,Eastern Michigan,7.5,,0.41,0.0169
Eastern Michigan @ Massachusetts,Sat 10/03 2:30 PM,Massachusetts -11.0,44.2,75.9,total,UNDER 46.5 total points,BUY NO,44,0.551,9.3,BET,Full Game: Over 46.5 points scored,KXNCAAFTOTAL-26OCT03EMUMASS-47,401866433,5,2026-10-03T19:30:00.000Z,Massachusetts,Eastern Michigan,NO,,,46.5,False,0.44,0.0172
Virginia @ Florida State,Sat 10/03 2:30 PM,Virginia -2.3,51.0,43.4,winner,Virginia to WIN the game,BUY YES,53,0.566,1.8,LEAN,Virginia wins,KXNCAAFGAME-26OCT03UVAFSU-UVA,401858253,5,2026-10-03T19:30:00.000Z,Florida State,Virginia,YES,Virginia,Florida State,,,0.53,0.0174
Virginia @ Florida State,Sat 10/03 2:30 PM,Virginia -2.3,51.0,43.4,spread,"Florida State wins by 2 or fewer, or loses",BUY NO,57,0.617,3.0,LEAN,Florida St. wins by over 2.5 points,KXNCAAFSPREAD-26OCT03UVAFSU-FSU3,401858253,5,2026-10-03T19:30:00.000Z,Florida State,Virginia,NO,Florida State,Virginia,2.5,,0.57,0.0172
Virginia @ Florida State,Sat 10/03 2:30 PM,Virginia -2.3,51.0,43.4,total,UNDER 54.5 total points,BUY NO,56,0.58,0.2,LEAN,Over 54.5 points scored,KXNCAAFTOTAL-26OCT03UVAFSU-55,401858253,5,2026-10-03T19:30:00.000Z,Florida State,Virginia,NO,,,54.5,False,0.56,0.0172
Marshall @ James Madison,Sat 10/03 2:45 PM,James Madison -27.2,61.4,95.8,winner,James Madison to WIN the game,BUY NO,90,0.958,5.2,BET,Marshall wins,KXNCAAFGAME-26OCT03MRSHJMU-MRSH,401869962,5,2026-10-03T19:45:00.000Z,James Madison,Marshall,NO,Marshall,James Madison,,,0.9,0.0063
Marshall @ James Madison,Sat 10/03 2:45 PM,James Madison -27.2,61.4,95.8,spread,James Madison wins by MORE than 21.5,BUY YES,39,0.643,23.6,BET,James Madison wins by over 21.5 points,KXNCAAFSPREAD-26OCT03MRSHJMU-JMU22,401869962,5,2026-10-03T19:45:00.000Z,James Madison,Marshall,YES,James Madison,Marshall,21.5,,0.39,0.0167
Marshall @ James Madison,Sat 10/03 2:45 PM,James Madison -27.2,61.4,95.8,total,OVER 59.5 total points,BUY YES,40,0.545,12.9,BET,Over 59.5 points scored,KXNCAAFTOTAL-26OCT03MRSHJMU-60,401869962,5,2026-10-03T19:45:00.000Z,James Madison,Marshall,YES,,,59.5,False,0.4,0.0168
Maryland @ Nebraska,Sat 10/03 3:00 PM,Nebraska -14.5,55.6,83.4,winner,Nebraska to WIN the game,BUY YES,86,0.834,-3.5,PASS,Nebraska wins,KXNCAAFGAME-26OCT03MDNEB-NEB,401858475,5,2026-10-03T20:00:00.000Z,Nebraska,Maryland,YES,Nebraska,Maryland,,,0.86,0.0084
Maryland @ Nebraska,Sat 10/03 3:00 PM,Nebraska -14.5,55.6,83.4,spread,"Nebraska wins by 20 or fewer, or loses",BUY NO,63,0.646,0.0,LEAN,Nebraska wins by over 20.5 points,KXNCAAFSPREAD-26OCT03MDNEB-NEB21,401858475,5,2026-10-03T20:00:00.000Z,Nebraska,Maryland,NO,Nebraska,Maryland,20.5,,0.63,0.0163
Maryland @ Nebraska,Sat 10/03 3:00 PM,Nebraska -14.5,55.6,83.4,total,OVER 54.5 total points,BUY YES,45,0.522,5.5,BET,Over 54.5 points scored,KXNCAAFTOTAL-26OCT03MDNEB-55,401858475,5,2026-10-03T20:00:00.000Z,Nebraska,Maryland,YES,,,54.5,False,0.45,0.0173
UTEP @ New Mexico,Sat 10/03 3:00 PM,New Mexico -27.5,56.1,96.2,winner,New Mexico to WIN the game,BUY NO,95,0.962,0.8,LEAN,UTEP wins,KXNCAAFGAME-26OCT03UTEPUNM-UTEP,401864514,5,2026-10-03T20:00:00.000Z,New Mexico,UTEP,NO,UTEP,New Mexico,,,0.95,0.0033
UTEP @ New Mexico,Sat 10/03 3:00 PM,New Mexico -27.5,56.1,96.2,spread,New Mexico wins by MORE than 24.5,BUY YES,45,0.567,10.0,BET,New Mexico wins by over 24.5 points,KXNCAAFSPREAD-26OCT03UTEPUNM-UNM25,401864514,5,2026-10-03T20:00:00.000Z,New Mexico,UTEP,YES,New Mexico,UTEP,24.5,,0.45,0.0173
UTEP @ New Mexico,Sat 10/03 3:00 PM,New Mexico -27.5,56.1,96.2,total,OVER 52.5 total points,BUY YES,37,0.594,20.8,BET,Full Game: Over 52.5 points scored,KXNCAAFTOTAL-26OCT03UTEPUNM-53,401864514,5,2026-10-03T20:00:00.000Z,New Mexico,UTEP,YES,,,52.5,False,0.37,0.0163
Kentucky @ South Carolina,Sat 10/03 3:15 PM,South Carolina -1.9,52.7,55.1,winner,South Carolina to WIN the game,BUY NO,57,0.551,-3.6,PASS,Kentucky wins,KXNCAAFGAME-26OCT03UKSCAR-UK,401856709,5,2026-10-03T20:15:00.000Z,South Carolina,Kentucky,NO,Kentucky,South Carolina,,,0.57,0.0172
Kentucky @ South Carolina,Sat 10/03 3:15 PM,South Carolina -1.9,52.7,55.1,spread,"Kentucky wins by 1 or fewer, or loses",BUY NO,57,0.577,-1.0,PASS,Kentucky wins by over 1.5 points,KXNCAAFSPREAD-26OCT03UKSCAR-UK2,401856709,5,2026-10-03T20:15:00.000Z,South Carolina,Kentucky,NO,Kentucky,South Carolina,1.5,,0.57,0.0172
Kentucky @ South Carolina,Sat 10/03 3:15 PM,South Carolina -1.9,52.7,55.1,total,UNDER 53.5 total points,BUY NO,49,0.523,1.6,LEAN,Over 53.5 points scored,KXNCAAFTOTAL-26OCT03UKSCAR-54,401856709,5,2026-10-03T20:15:00.000Z,South Carolina,Kentucky,NO,,,53.5,False,0.49,0.0175
Purdue @ Illinois,Sat 10/03 3:15 PM,Illinois -12.1,67.0,78.6,winner,Illinois to WIN the game,BUY YES,77,0.786,0.3,LEAN,Illinois wins,KXNCAAFGAME-26OCT03PURILL-ILL,401858472,5,2026-10-03T20:15:00.000Z,Illinois,Purdue,YES,Illinois,Purdue,,,0.77,0.0124
Purdue @ Illinois,Sat 10/03 3:15 PM,Illinois -12.1,67.0,78.6,spread,Illinois wins by MORE than 10.5,BUY YES,48,0.542,4.4,LEAN,Illinois wins by over 10.5 points,KXNCAAFSPREAD-26OCT03PURILL-ILL11,401858472,5,2026-10-03T20:15:00.000Z,Illinois,Purdue,YES,Illinois,Purdue,10.5,,0.48,0.0175
Purdue @ Illinois,Sat 10/03 3:15 PM,Illinois -12.1,67.0,78.6,total,OVER 62.5 total points,BUY YES,49,0.606,9.9,BET,Over 62.5 points scored,KXNCAAFTOTAL-26OCT03PURILL-63,401858472,5,2026-10-03T20:15:00.000Z,Illinois,Purdue,YES,,,62.5,False,0.49,0.0175
Oregon State @ Colorado State,Sat 10/03 5:00 PM,Oregon State -1.9,66.1,45.6,winner,Oregon State to WIN the game,BUY YES,68,0.544,-15.1,PASS,Oregon St. wins,KXNCAAFGAME-26OCT03ORSTCSU-ORST,401860899,5,2026-10-03T22:00:00.000Z,Colorado State,Oregon State,YES,Oregon State,Colorado State,,,0.68,0.0152
Oregon State @ Colorado State,Sat 10/03 5:00 PM,Oregon State -1.9,66.1,45.6,spread,"Oregon State wins by 2 or fewer, or loses",BUY NO,36,0.509,13.3,BET,Oregon St. wins by over 2.5 points,KXNCAAFSPREAD-26OCT03ORSTCSU-ORST3,401860899,5,2026-10-03T22:00:00.000Z,Colorado State,Oregon State,NO,Oregon State,Colorado State,2.5,,0.36,0.0161
Oregon State @ Colorado State,Sat 10/03 5:00 PM,Oregon State -1.9,66.1,45.6,total,OVER 58.5 total points,BUY YES,57,0.674,8.6,BET,Over 58.5 points scored,KXNCAAFTOTAL-26OCT03ORSTCSU-59,401860899,5,2026-10-03T22:00:00.000Z,Colorado State,Oregon State,YES,,,58.5,False,0.57,0.0172
UTSA @ Rice,Sat 10/03 6:00 PM,UTSA -7.9,57.7,30.6,winner,UTSA to WIN the game,BUY NO,81,0.694,-12.6,PASS,Rice wins,KXNCAAFGAME-26OCT03UTSARICE-RICE,401862788,5,2026-10-03T23:00:00.000Z,Rice,UTSA,NO,Rice,UTSA,,,0.81,0.0108
UTSA @ Rice,Sat 10/03 6:00 PM,UTSA -7.9,57.7,30.6,spread,"UTSA wins by 9 or fewer, or loses",BUY NO,43,0.542,9.5,BET,UTSA wins by over 9.5 points,KXNCAAFSPREAD-26OCT03UTSARICE-UTSA10,401862788,5,2026-10-03T23:00:00.000Z,Rice,UTSA,NO,UTSA,Rice,9.5,,0.43,0.0172
UTSA @ Rice,Sat 10/03 6:00 PM,UTSA -7.9,57.7,30.6,total,OVER 56.5 total points,BUY YES,49,0.527,1.9,LEAN,Over 56.5 points scored,KXNCAAFTOTAL-26OCT03UTSARICE-57,401862788,5,2026-10-03T23:00:00.000Z,Rice,UTSA,YES,,,56.5,False,0.49,0.0175
Georgia Southern @ Coastal Carolina,Sat 10/03 6:00 PM,Georgia Southern -1.1,48.8,47.3,winner,Georgia Southern to WIN the game,BUY YES,54,0.527,-3.1,PASS,Georgia Southern wins,KXNCAAFGAME-26OCT03GASOCCAR-GASO,401869942,5,2026-10-03T23:00:00.000Z,Coastal Carolina,Georgia Southern,YES,Georgia Southern,Coastal Carolina,,,0.54,0.0174
Georgia Southern @ Coastal Carolina,Sat 10/03 6:00 PM,Georgia Southern -1.1,48.8,47.3,spread,"Georgia Southern wins by 2 or fewer, or loses",BUY NO,52,0.528,-0.9,PASS,Georgia Southern wins by over 2.5 points,KXNCAAFSPREAD-26OCT03GASOCCAR-GASO3,401869942,5,2026-10-03T23:00:00.000Z,Coastal Carolina,Georgia Southern,NO,Georgia Southern,Coastal Carolina,2.5,,0.52,0.0175
Georgia Southern @ Coastal Carolina,Sat 10/03 6:00 PM,Georgia Southern -1.1,48.8,47.3,total,UNDER 49.5 total points,BUY NO,41,0.516,8.9,BET,Full Game: Over 49.5 points scored,KXNCAAFTOTAL-26OCT03GASOCCAR-50,401869942,5,2026-10-03T23:00:00.000Z,Coastal Carolina,Georgia Southern,NO,,,49.5,False,0.41,0.0169
BYU @ TCU,Sat 10/03 6:00 PM,BYU -4.8,47.6,37.5,winner,BYU to WIN the game,BUY NO,68,0.625,-7.0,PASS,TCU wins,KXNCAAFGAME-26OCT03BYUTCU-TCU,401856818,5,2026-10-03T23:00:00.000Z,TCU,BYU,NO,TCU,BYU,,,0.68,0.0152
BYU @ TCU,Sat 10/03 6:00 PM,BYU -4.8,47.6,37.5,spread,"BYU wins by 5 or fewer, or loses",BUY NO,49,0.517,0.9,LEAN,BYU wins by over 5.5 points,KXNCAAFSPREAD-26OCT03BYUTCU-BYU6,401856818,5,2026-10-03T23:00:00.000Z,TCU,BYU,NO,BYU,TCU,5.5,,0.49,0.0175
BYU @ TCU,Sat 10/03 6:00 PM,BYU -4.8,47.6,37.5,total,UNDER 47.5 total points,BUY NO,48,0.501,0.4,LEAN,Over 47.5 points scored,KXNCAAFTOTAL-26OCT03BYUTCU-48,401856818,5,2026-10-03T23:00:00.000Z,TCU,BYU,NO,,,47.5,False,0.48,0.0175
UL Monroe @ South Alabama,Sat 10/03 6:00 PM,South Alabama -18.9,64.0,89.3,winner,South Alabama to WIN the game,BUY NO,84,0.893,4.3,LEAN,Louisiana-Monroe wins,KXNCAAFGAME-26OCT03ULMUSA-ULM,401871089,5,2026-10-03T23:00:00.000Z,South Alabama,UL Monroe,NO,UL Monroe,South Alabama,,,0.84,0.0094
UL Monroe @ South Alabama,Sat 10/03 6:00 PM,South Alabama -18.9,64.0,89.3,spread,South Alabama wins by MORE than 14.5,BUY YES,48,0.609,11.2,BET,South Alabama wins by over 14.5 points,KXNCAAFSPREAD-26OCT03ULMUSA-USA15,401871089,5,2026-10-03T23:00:00.000Z,South Alabama,UL Monroe,YES,South Alabama,UL Monroe,14.5,,0.48,0.0175
UL Monroe @ South Alabama,Sat 10/03 6:00 PM,South Alabama -18.9,64.0,89.3,total,OVER 58.5 total points,BUY YES,46,0.625,14.7,BET,Over 58.5 points scored,KXNCAAFTOTAL-26OCT03ULMUSA-59,401871089,5,2026-10-03T23:00:00.000Z,South Alabama,UL Monroe,YES,,,58.5,False,0.46,0.0174
Arkansas @ Texas A&M,Sat 10/03 6:00 PM,Texas A&M -13.8,57.5,81.7,winner,Texas A&M to WIN the game,BUY YES,84,0.817,-3.3,PASS,Texas A&M wins,KXNCAAFGAME-26OCT03ARKTXAM-TXAM,401856711,5,2026-10-03T23:00:00.000Z,Texas A&M,Arkansas,YES,Texas A&M,Arkansas,,,0.84,0.0094
Arkansas @ Texas A&M,Sat 10/03 6:00 PM,Texas A&M -13.8,57.5,81.7,spread,Texas A&M wins by MORE than 10.5,BUY YES,58,0.585,-1.2,PASS,Texas A&M wins by over 10.5 points,KXNCAAFSPREAD-26OCT03ARKTXAM-TXAM11,401856711,5,2026-10-03T23:00:00.000Z,Texas A&M,Arkansas,YES,Texas A&M,Arkansas,10.5,,0.58,0.0171
Arkansas @ Texas A&M,Sat 10/03 6:00 PM,Texas A&M -13.8,57.5,81.7,total,OVER 51.5 total points,BUY YES,46,0.644,16.7,BET,Over 51.5 points scored,KXNCAAFTOTAL-26OCT03ARKTXAM-52,401856711,5,2026-10-03T23:00:00.000Z,Texas A&M,Arkansas,YES,,,51.5,False,0.46,0.0174
Temple @ South Florida,Sat 10/03 6:30 PM,South Florida -12.7,54.9,79.2,winner,South Florida to WIN the game,BUY YES,67,0.792,10.7,BET,South Florida wins,KXNCAAFGAME-26OCT03TEMUSF-USF,401862792,5,2026-10-03T23:30:00.000Z,South Florida,Temple,YES,South Florida,Temple,,,0.67,0.0155
Temple @ South Florida,Sat 10/03 6:30 PM,South Florida -12.7,54.9,79.2,spread,South Florida wins by MORE than 7.5,BUY YES,40,0.627,21.0,BET,South Florida wins by over 7.5 points,KXNCAAFSPREAD-26OCT03TEMUSF-USF8,401862792,5,2026-10-03T23:30:00.000Z,South Florida,Temple,YES,South Florida,Temple,7.5,,0.4,0.0168
Temple @ South Florida,Sat 10/03 6:30 PM,South Florida -12.7,54.9,79.2,total,OVER 51.5 total points,BUY YES,43,0.587,13.9,BET,Over 51.5 points scored,KXNCAAFTOTAL-26OCT03TEMUSF-52,401862792,5,2026-10-03T23:30:00.000Z,South Florida,Temple,YES,,,51.5,False,0.43,0.0172
Army @ Louisiana Tech,Sat 10/03 6:30 PM,Army -1.6,52.8,45.6,winner,Army to WIN the game,BUY NO,54,0.544,-1.3,PASS,Louisiana Tech wins,KXNCAAFGAME-26OCT03ARMYLT-LT,401869842,5,2026-10-03T23:30:00.000Z,Louisiana Tech,Army,NO,Louisiana Tech,Army,,,0.54,0.0174
Army @ Louisiana Tech,Sat 10/03 6:30 PM,Army -1.6,52.8,45.6,spread,Army wins by MORE than 1.5,BUY YES,51,0.517,-1.0,PASS,Army wins by over 1.5 points,KXNCAAFSPREAD-26OCT03ARMYLT-ARMY2,401869842,5,2026-10-03T23:30:00.000Z,Louisiana Tech,Army,YES,Army,Louisiana Tech,1.5,,0.51,0.0175
Army @ Louisiana Tech,Sat 10/03 6:30 PM,Army -1.6,52.8,45.6,total,OVER 49.5 total points,BUY YES,44,0.582,12.5,BET,Full Game: Over 49.5 points scored,KXNCAAFTOTAL-26OCT03ARMYLT-50,401869842,5,2026-10-03T23:30:00.000Z,Louisiana Tech,Army,YES,,,49.5,False,0.44,0.0172
Utah State @ Boise State,Sat 10/03 6:30 PM,Boise State -19.5,43.0,89.7,winner,Boise State to WIN the game,BUY NO,92,0.897,-2.8,PASS,Utah St. wins,KXNCAAFGAME-26OCT03USUBSU-USU,401860898,5,2026-10-03T23:30:00.000Z,Boise State,Utah State,NO,Utah State,Boise State,,,0.92,0.0052
Utah State @ Boise State,Sat 10/03 6:30 PM,Boise State -19.5,43.0,89.7,spread,Boise State wins by MORE than 7.5,BUY YES,77,0.774,-0.8,PASS,Boise St. wins by over 7.5 points,KXNCAAFSPREAD-26OCT03USUBSU-BSU8,401860898,5,2026-10-03T23:30:00.000Z,Boise State,Utah State,YES,Boise State,Utah State,7.5,,0.77,0.0124
Utah State @ Boise State,Sat 10/03 6:30 PM,Boise State -19.5,43.0,89.7,total,UNDER 47.5 total points,BUY NO,38,0.604,20.8,BET,Over 47.5 points scored,KXNCAAFTOTAL-26OCT03USUBSU-48,401860898,5,2026-10-03T23:30:00.000Z,Boise State,Utah State,NO,,,47.5,False,0.38,0.0165
Miami @ Clemson,Sat 10/03 6:30 PM,Miami -13.4,51.4,19.3,winner,Miami to WIN the game,BUY YES,87,0.807,-7.1,PASS,Miami (FL) wins,KXNCAAFGAME-26OCT03MIACLEM-MIA,401858249,5,2026-10-03T23:30:00.000Z,Clemson,Miami,YES,Miami,Clemson,,,0.87,0.0079
Miami @ Clemson,Sat 10/03 6:30 PM,Miami -13.4,51.4,19.3,spread,"Miami wins by 13 or fewer, or loses",BUY NO,43,0.508,6.1,BET,Miami (FL) wins by over 13.5 points,KXNCAAFSPREAD-26OCT03MIACLEM-MIA14,401858249,5,2026-10-03T23:30:00.000Z,Clemson,Miami,NO,Miami,Clemson,13.5,,0.43,0.0172
Miami @ Clemson,Sat 10/03 6:30 PM,Miami -13.4,51.4,19.3,total,OVER 51.5 total points,BUY YES,38,0.5,10.4,BET,Over 51.5 points scored,KXNCAAFTOTAL-26OCT03MIACLEM-52,401858249,5,2026-10-03T23:30:00.000Z,Clemson,Miami,YES,,,51.5,False,0.38,0.0165
Washington @ USC,Sat 10/03 6:30 PM,USC -9.7,62.4,73.4,winner,USC to WIN the game,BUY NO,77,0.734,-4.8,PASS,Washington wins,KXNCAAFGAME-26OCT03WASHUSC-WASH,401858478,5,2026-10-03T23:30:00.000Z,USC,Washington,NO,Washington,USC,,,0.77,0.0124
Washington @ USC,Sat 10/03 6:30 PM,USC -9.7,62.4,73.4,spread,USC wins by MORE than 7.5,BUY YES,54,0.552,-0.5,PASS,USC wins by over 7.5 points,KXNCAAFSPREAD-26OCT03WASHUSC-USC8,401858478,5,2026-10-03T23:30:00.000Z,USC,Washington,YES,USC,Washington,7.5,,0.54,0.0174
Washington @ USC,Sat 10/03 6:30 PM,USC -9.7,62.4,73.4,total,OVER 60.5 total points,BUY YES,44,0.549,9.2,BET,Over 60.5 points scored,KXNCAAFTOTAL-26OCT03WASHUSC-61,401858478,5,2026-10-03T23:30:00.000Z,USC,Washington,YES,,,60.5,False,0.44,0.0172
Texas Tech @ Colorado,Sat 10/03 6:30 PM,Texas Tech -16.0,48.0,14.8,winner,Texas Tech to WIN the game,BUY YES,82,0.852,2.2,LEAN,Texas Tech wins,KXNCAAFGAME-26OCT03TTUCOLO-TTU,401856821,5,2026-10-03T23:30:00.000Z,Colorado,Texas Tech,YES,Texas Tech,Colorado,,,0.82,0.0103
Texas Tech @ Colorado,Sat 10/03 6:30 PM,Texas Tech -16.0,48.0,14.8,spread,Texas Tech wins by MORE than 14.5,BUY YES,43,0.534,8.7,BET,Texas Tech wins by over 14.5 points,KXNCAAFSPREAD-26OCT03TTUCOLO-TTU15,401856821,5,2026-10-03T23:30:00.000Z,Colorado,Texas Tech,YES,Texas Tech,Colorado,14.5,,0.43,0.0172
Texas Tech @ Colorado,Sat 10/03 6:30 PM,Texas Tech -16.0,48.0,14.8,total,UNDER 50.5 total points,BUY NO,53,0.554,0.7,LEAN,Over 50.5 points scored,KXNCAAFTOTAL-26OCT03TTUCOLO-51,401856821,5,2026-10-03T23:30:00.000Z,Colorado,Texas Tech,NO,,,50.5,False,0.53,0.0174
Arkansas State @ Louisiana,Sat 10/03 7:00 PM,Louisiana -7.4,44.9,68.9,winner,Louisiana to WIN the game,BUY YES,69,0.689,-1.6,PASS,Louisiana wins,KXNCAAFGAME-26OCT03ARSTULL-ULL,401869932,5,2026-10-04T00:00:00.000Z,Louisiana,Arkansas State,YES,Louisiana,Arkansas State,,,0.69,0.015
Arkansas State @ Louisiana,Sat 10/03 7:00 PM,Louisiana -7.4,44.9,68.9,spread,Louisiana wins by MORE than 4.5,BUY YES,54,0.578,2.1,LEAN,Louisiana wins by over 4.5 points,KXNCAAFSPREAD-26OCT03ARSTULL-ULL5,401869932,5,2026-10-04T00:00:00.000Z,Louisiana,Arkansas State,YES,Louisiana,Arkansas State,4.5,,0.54,0.0174
Arkansas State @ Louisiana,Sat 10/03 7:00 PM,Louisiana -7.4,44.9,68.9,total,UNDER 46.5 total points,BUY NO,45,0.536,6.9,BET,Full Game: Over 46.5 points scored,KXNCAAFTOTAL-26OCT03ARSTULL-47,401869932,5,2026-10-04T00:00:00.000Z,Louisiana,Arkansas State,NO,,,46.5,False,0.45,0.0173
Indiana @ Rutgers,Sat 10/03 7:00 PM,Indiana -21.8,58.4,7.9,winner,Indiana to WIN the game,BUY NO,95,0.921,-3.3,PASS,Rutgers wins,KXNCAAFGAME-26OCT03INDRUTG-RUTG,401858477,5,2026-10-04T00:00:00.000Z,Rutgers,Indiana,NO,Rutgers,Indiana,,,0.95,0.0033
Indiana @ Rutgers,Sat 10/03 7:00 PM,Indiana -21.8,58.4,7.9,spread,"Indiana wins by 23 or fewer, or loses",BUY NO,47,0.55,6.2,BET,Indiana wins by over 23.5 points,KXNCAAFSPREAD-26OCT03INDRUTG-IND24,401858477,5,2026-10-04T00:00:00.000Z,Rutgers,Indiana,NO,Indiana,Rutgers,23.5,,0.47,0.0174
Indiana @ Rutgers,Sat 10/03 7:00 PM,Indiana -21.8,58.4,7.9,total,OVER 58.5 total points,BUY YES,47,0.501,1.3,LEAN,Over 58.5 points scored,KXNCAAFTOTAL-26OCT03INDRUTG-59,401858477,5,2026-10-04T00:00:00.000Z,Rutgers,Indiana,YES,,,58.5,False,0.47,0.0174
Fresno State @ Washington State,Sat 10/03 8:30 PM,Fresno State -1.6,36.2,46.1,winner,Fresno State to WIN the game,BUY NO,48,0.539,4.2,LEAN,Washington St. wins,KXNCAAFGAME-26OCT03FRESWSU-WSU,401860921,5,2026-10-04T01:30:00.000Z,Washington State,Fresno State,NO,Washington State,Fresno State,,,0.48,0.0175
Fresno State @ Washington State,Sat 10/03 8:30 PM,Fresno State -1.6,36.2,46.1,spread,"Washington State wins by 2 or fewer, or loses",BUY NO,51,0.594,6.6,BET,Washington St. wins by over 2.5 points,KXNCAAFSPREAD-26OCT03FRESWSU-WSU3,401860921,5,2026-10-04T01:30:00.000Z,Washington State,Fresno State,NO,Washington State,Fresno State,2.5,,0.51,0.0175
Fresno State @ Washington State,Sat 10/03 8:30 PM,Fresno State -1.6,36.2,46.1,total,UNDER 40.5 total points,BUY NO,35,0.602,23.6,BET,Over 40.5 points scored,KXNCAAFTOTAL-26OCT03FRESWSU-41,401860921,5,2026-10-04T01:30:00.000Z,Washington State,Fresno State,NO,,,40.5,False,0.35,0.0159
Texas State @ San Diego State,Sat 10/03 9:30 PM,San Diego State -0.5,56.7,51.5,winner,San Diego State to WIN the game,BUY NO,25,0.515,25.2,BET,Texas St. wins,KXNCAAFGAME-26OCT03TXSTSDSU-TXST,401860900,5,2026-10-04T02:30:00.000Z,San Diego State,Texas State,NO,Texas State,San Diego State,,,0.25,0.0131
Texas State @ San Diego State,Sat 10/03 9:30 PM,San Diego State -0.5,56.7,51.5,spread,"Texas State wins by 2 or fewer, or loses",BUY NO,29,0.57,26.5,BET,Texas St. wins by over 2.5 points,KXNCAAFSPREAD-26OCT03TXSTSDSU-TXST3,401860900,5,2026-10-04T02:30:00.000Z,San Diego State,Texas State,NO,Texas State,San Diego State,2.5,,0.29,0.0144
Texas State @ San Diego State,Sat 10/03 9:30 PM,San Diego State -0.5,56.7,51.5,total,UNDER 66.5 total points,BUY NO,72,0.723,-1.1,PASS,Over 66.5 points scored,KXNCAAFTOTAL-26OCT03TXSTSDSU-67,401860900,5,2026-10-04T02:30:00.000Z,San Diego State,Texas State,NO,,,66.5,False,0.72,0.0141
Baylor @ Arizona State,Sat 10/03 9:30 PM,Arizona State -0.5,53.8,51.0,winner,Arizona State to WIN the game,BUY YES,62,0.51,-12.6,PASS,Arizona St. wins,KXNCAAFGAME-26OCT03BAYASU-ASU,401856817,5,2026-10-04T02:30:00.000Z,Arizona State,Baylor,YES,Arizona State,Baylor,,,0.62,0.0165
Baylor @ Arizona State,Sat 10/03 9:30 PM,Arizona State -0.5,53.8,51.0,spread,"Arizona State wins by 2 or fewer, or loses",BUY NO,43,0.545,9.8,BET,Arizona St. wins by over 2.5 points,KXNCAAFSPREAD-26OCT03BAYASU-ASU3,401856817,5,2026-10-04T02:30:00.000Z,Arizona State,Baylor,NO,Arizona State,Baylor,2.5,,0.43,0.0172
Baylor @ Arizona State,Sat 10/03 9:30 PM,Arizona State -0.5,53.8,51.0,total,OVER 52.5 total points,BUY YES,39,0.543,13.7,BET,Over 52.5 points scored,KXNCAAFTOTAL-26OCT03BAYASU-53,401856817,5,2026-10-04T02:30:00.000Z,Arizona State,Baylor,YES,,,52.5,False,0.39,0.0167
Cincinnati @ Arizona,Sat 10/03 10:00 PM,Arizona -5.4,59.3,64.1,winner,Arizona to WIN the game,BUY YES,69,0.641,-6.4,PASS,Arizona wins,KXNCAAFGAME-26OCT03CINARIZ-ARIZ,401856820,5,2026-10-04T03:00:00.000Z,Arizona,Cincinnati,YES,Arizona,Cincinnati,,,0.69,0.015
Cincinnati @ Arizona,Sat 10/03 10:00 PM,Arizona -5.4,59.3,64.1,spread,"Arizona wins by 6 or fewer, or loses",BUY NO,49,0.526,1.8,LEAN,Arizona wins by over 6.5 points,KXNCAAFSPREAD-26OCT03CINARIZ-ARIZ7,401856820,5,2026-10-04T03:00:00.000Z,Arizona,Cincinnati,NO,Arizona,Cincinnati,6.5,,0.49,0.0175
Cincinnati @ Arizona,Sat 10/03 10:00 PM,Arizona -5.4,59.3,64.1,total,OVER 55.5 total points,BUY YES,50,0.581,6.4,BET,Over 55.5 points scored,KXNCAAFTOTAL-26OCT03CINARIZ-56,401856820,5,2026-10-04T03:00:00.000Z,Arizona,Cincinnati,YES,,,55.5,False,0.5,0.0175
San José State @ Hawai'i,Sat 10/03 10:59 PM,Hawai'i -4.5,50.8,61.4,winner,Hawai'i to WIN the game,BUY NO,59,0.614,0.7,LEAN,San Jose St. wins,KXNCAAFGAME-26OCT04SJSUHAW-SJSU,401864513,5,2026-10-04T03:59:00.000Z,Hawai'i,San José State,NO,San José State,Hawai'i,,,0.59,0.0169
San José State @ Hawai'i,Sat 10/03 10:59 PM,Hawai'i -4.5,50.8,61.4,spread,Hawai'i wins by MORE than 4.5,BUY YES,42,0.505,6.8,BET,Hawai'i wins by over 4.5 points,KXNCAAFSPREAD-26OCT04SJSUHAW-HAW5,401864513,5,2026-10-04T03:59:00.000Z,Hawai'i,San José State,YES,Hawai'i,San José State,4.5,,0.42,0.0171
San José State @ Hawai'i,Sat 10/03 10:59 PM,Hawai'i -4.5,50.8,61.4,total,UNDER 56.5 total points,BUY NO,64,0.633,-2.3,PASS,Over 56.5 points scored,KXNCAAFTOTAL-26OCT04SJSUHAW-57,401864513,5,2026-10-04T03:59:00.000Z,Hawai'i,San José State,NO,,,56.5,False,0.64,0.0161
