overall_rank,team,conference,record,overall_rating,off_rank,off_rating,def_rank,def_rating,sos_rank,sos,games,ppg,papg,avg_margin,last3_margin,off_ppa,def_ppa,off_success,def_success,off_explosive,def_explosive,prior_rating,efficiency_score,efficiency_rank,results_vs_efficiency
1,Notre Dame,FBS Independents,4-0,24.841,4,13.266,4,11.575,32,-1.985,4,42.25,8.25,34.0,36.0,0.379,-0.193,0.544,0.313,1.08,1.089,18.903,0.572,3.0,2.0
2,Alabama,SEC,4-0,22.245,1,16.457,18,5.789,9,3.125,4,48.0,20.25,27.75,24.333,0.363,-0.052,0.5,0.352,1.35,1.483,9.937,0.415,10.0,8.0
3,Ohio State,Big Ten,3-1,21.871,9,11.338,6,10.533,25,-1.486,4,45.0,12.25,32.75,26.0,0.408,0.002,0.551,0.378,1.277,1.291,19.761,0.406,11.0,8.0
4,Indiana,Big Ten,4-0,21.323,15,9.583,2,11.74,69,-5.647,4,43.5,9.75,33.75,33.0,0.441,-0.041,0.51,0.327,1.396,1.428,22.92,0.482,7.0,3.0
5,Georgia,SEC,4-0,21.057,2,15.131,17,5.926,95,-7.353,4,54.75,13.25,41.5,35.333,0.41,-0.223,0.56,0.305,1.191,1.101,12.669,0.632,1.0,-4.0
6,Miami,ACC,4-0,20.258,6,11.84,8,8.417,121,-10.333,4,51.75,9.0,42.75,44.0,0.564,-0.005,0.594,0.359,1.258,1.141,16.711,0.568,4.0,-2.0
7,Texas,SEC,4-0,19.513,32,4.977,1,14.536,1,9.916,4,33.25,13.25,20.0,9.333,0.081,-0.044,0.449,0.344,1.134,1.115,9.301,0.125,60.0,53.0
8,Utah,Big 12,4-0,19.04,7,11.753,10,7.287,96,-7.408,4,43.25,10.25,33.0,26.667,0.409,-0.051,0.526,0.326,1.33,1.279,15.582,0.461,8.0,0.0
9,LSU,SEC,3-1,17.649,21,6.548,5,11.101,3,5.447,4,38.75,15.5,23.25,17.333,0.229,-0.124,0.47,0.287,1.3,1.281,4.097,0.353,18.0,9.0
10,Oregon,Big Ten,3-1,15.323,3,13.317,53,2.005,28,-1.833,4,47.5,23.25,24.25,30.0,0.292,0.062,0.448,0.402,1.526,1.205,16.883,0.23,34.0,24.0
11,James Madison,Sun Belt,4-0,14.125,14,9.595,26,4.53,112,-8.667,4,44.75,12.25,32.5,41.0,0.21,-0.164,0.438,0.297,1.191,1.374,10.793,0.374,12.0,1.0
12,Florida,SEC,4-0,13.396,8,11.598,55,1.798,45,-3.425,4,53.5,22.75,30.75,26.0,0.43,0.012,0.541,0.427,1.281,1.19,1.249,0.418,9.0,-3.0
13,Texas Tech,Big 12,4-0,13.217,25,5.941,11,7.276,104,-7.898,4,36.25,18.5,17.75,16.0,0.251,0.038,0.506,0.364,1.142,1.372,18.831,0.213,40.0,27.0
14,BYU,Big 12,3-0,13.061,22,6.488,13,6.573,113,-8.747,3,44.0,15.667,28.333,28.333,0.546,-0.077,0.597,0.352,1.22,1.262,11.266,0.623,2.0,-12.0
15,Tennessee,SEC,3-1,12.835,10,11.136,57,1.698,54,-4.307,4,40.0,15.5,24.5,17.0,0.189,-0.134,0.43,0.355,1.212,1.066,7.004,0.323,20.0,5.0
16,Penn State,Big Ten,3-1,11.816,37,4.238,9,7.578,88,-6.755,4,36.75,11.5,25.25,18.667,0.235,-0.067,0.404,0.309,1.376,1.271,9.057,0.303,21.0,5.0
17,USC,Big Ten,4-1,11.051,11,10.798,67,0.253,21,-0.565,5,39.8,26.4,13.4,4.0,0.336,0.183,0.54,0.411,1.193,1.402,11.27,0.154,53.0,36.0
18,UCLA,Big Ten,4-0,10.899,16,8.992,54,1.907,42,-3.197,4,44.75,18.75,26.0,27.667,0.288,-0.083,0.502,0.345,1.256,1.374,-4.288,0.37,13.0,-5.0
19,Mississippi State,SEC,4-0,10.78,12,10.596,70,0.184,35,-2.424,4,43.0,21.0,22.0,13.0,0.372,0.013,0.514,0.386,1.3,1.13,0.106,0.359,16.0,-3.0
20,Pittsburgh,ACC,4-0,10.704,34,4.751,16,5.954,97,-7.546,4,39.25,8.5,30.75,26.0,0.264,-0.098,0.463,0.297,1.344,1.418,6.283,0.363,15.0,-5.0
21,Iowa,Big Ten,4-0,10.344,66,0.441,7,9.903,108,-8.245,4,32.75,8.0,24.75,19.667,0.237,-0.041,0.449,0.316,1.242,1.104,10.945,0.278,25.0,4.0
22,Virginia,ACC,3-1,10.297,43,3.603,12,6.694,106,-8.117,4,40.5,13.0,27.5,28.0,0.333,-0.015,0.511,0.367,1.161,0.986,7.451,0.348,19.0,-3.0
23,Texas A&M,SEC,2-2,10.296,26,5.792,28,4.503,7,3.709,4,31.25,21.5,9.75,-3.667,0.042,0.084,0.426,0.413,1.109,1.341,12.043,-0.041,102.0,79.0
24,Nebraska,Big Ten,4-0,9.948,23,6.417,39,3.531,128,-11.962,4,42.5,12.0,30.5,31.333,0.426,-0.065,0.492,0.365,1.479,1.228,0.815,0.49,6.0,-18.0
25,Ole Miss,SEC,3-1,9.783,13,10.043,76,-0.26,6,3.866,4,35.5,30.75,4.75,5.333,0.262,0.247,0.508,0.486,1.166,1.146,12.301,0.014,84.0,59.0
26,Duke,ACC,4-0,9.776,29,5.435,33,4.34,100,-7.682,4,36.25,11.0,25.25,29.0,0.268,-0.017,0.44,0.375,1.308,1.081,4.383,0.286,23.0,-3.0
27,Houston,Big 12,3-1,8.881,17,8.84,71,0.041,67,-5.498,4,44.5,20.5,24.0,27.667,0.383,0.1,0.547,0.419,1.136,1.308,3.487,0.283,24.0,-3.0
28,Boise State,Pac-12,3-1,8.414,40,3.957,29,4.458,36,-2.431,4,33.75,21.25,12.5,19.0,0.305,0.04,0.502,0.361,1.175,1.695,3.425,0.265,27.0,-1.0
29,Kansas State,Big 12,3-1,8.133,24,6.382,56,1.751,86,-6.687,4,40.5,15.25,25.25,11.0,0.268,0.011,0.488,0.324,1.257,1.486,2.954,0.256,28.0,-1.0
30,Oklahoma,SEC,2-2,7.924,97,-3.695,3,11.619,4,4.812,4,22.0,16.0,6.0,-9.0,-0.083,-0.174,0.376,0.307,1.151,1.165,9.031,0.091,70.0,40.0
31,Auburn,SEC,3-1,7.648,60,1.412,14,6.236,10,3.032,4,30.0,20.75,9.25,12.0,0.116,0.008,0.422,0.379,1.278,1.234,4.572,0.108,66.0,35.0
32,Missouri,SEC,3-1,7.539,41,3.812,37,3.727,80,-6.443,4,35.75,20.75,15.0,6.667,0.204,-0.037,0.427,0.344,1.257,1.43,6.791,0.24,30.0,-2.0
33,New Mexico,Mountain West,3-1,7.43,39,3.968,41,3.462,124,-10.502,4,39.0,11.5,27.5,26.333,0.192,-0.174,0.424,0.31,1.32,1.429,0.237,0.366,14.0,-19.0
34,Michigan,Big Ten,3-1,7.417,59,1.429,15,5.988,18,0.197,4,25.25,14.75,10.5,13.667,0.162,-0.071,0.434,0.319,1.176,1.198,7.352,0.232,33.0,-1.0
35,North Texas,American Athletic,2-2,6.886,5,12.021,114,-5.135,22,-1.045,4,39.5,30.25,9.25,24.333,0.375,0.185,0.506,0.476,1.358,1.19,9.895,0.189,46.0,11.0
36,Arizona,Big 12,3-1,6.716,44,3.129,38,3.586,116,-9.087,4,32.0,19.0,13.0,8.0,0.251,0.015,0.5,0.361,1.196,1.397,8.292,0.235,32.0,-4.0
37,Northwestern,Big Ten,2-1,6.672,61,1.048,20,5.624,48,-3.68,3,32.667,18.0,14.667,14.667,0.33,0.106,0.482,0.448,1.282,1.128,2.759,0.224,36.0,-1.0
38,Louisville,ACC,2-2,6.608,19,7.631,83,-1.023,27,-1.598,4,41.25,28.75,12.5,17.667,0.33,0.122,0.486,0.417,1.388,1.227,6.947,0.208,42.0,4.0
39,North Dakota State,Mountain West,4-0,6.563,64,0.914,19,5.648,132,-12.298,4,35.0,12.25,22.75,21.667,0.175,-0.181,0.406,0.39,1.446,1.021,0.0,0.356,17.0,-22.0
40,Iowa State,Big 12,2-2,6.046,62,0.973,23,5.073,50,-3.924,4,30.75,16.0,14.75,10.333,0.119,-0.007,0.381,0.383,1.363,1.101,4.802,0.125,61.0,21.0
41,SMU,ACC,3-1,6.019,33,4.953,62,1.066,76,-6.189,4,37.0,24.75,12.25,15.333,0.262,0.041,0.533,0.361,1.242,1.365,9.029,0.221,38.0,-3.0
42,South Florida,American Athletic,4-0,5.882,42,3.787,51,2.096,134,-12.475,4,30.0,14.0,16.0,18.0,0.198,-0.009,0.512,0.419,1.124,0.961,10.648,0.207,43.0,1.0
43,Toledo,Mid-American,3-1,5.673,18,8.106,96,-2.433,98,-7.671,4,43.25,26.0,17.25,26.333,0.298,0.004,0.459,0.344,1.513,1.345,6.87,0.294,22.0,-21.0
44,UCF,Big 12,3-1,5.144,65,0.711,31,4.434,49,-3.833,4,36.25,15.25,21.0,5.667,0.032,-0.056,0.42,0.346,1.111,1.303,-1.762,0.088,71.0,27.0
45,Illinois,Big Ten,2-2,4.947,35,4.715,69,0.232,26,-1.54,4,34.0,26.5,7.5,3.667,0.289,0.264,0.507,0.455,1.312,1.284,7.336,0.025,81.0,36.0
46,Vanderbilt,SEC,3-1,4.814,47,2.669,50,2.145,70,-5.817,4,28.25,21.75,6.5,2.333,0.082,-0.039,0.415,0.35,1.18,1.336,11.842,0.121,62.0,16.0
47,Wake Forest,ACC,3-1,4.706,50,2.328,49,2.377,12,1.55,4,31.5,28.0,3.5,-2.667,0.286,0.156,0.452,0.45,1.327,1.114,3.267,0.131,57.0,10.0
48,Kentucky,SEC,3-1,4.688,52,2.119,46,2.569,20,-0.348,4,34.5,25.0,9.5,2.0,0.236,0.046,0.513,0.427,1.229,1.205,-0.01,0.189,45.0,-3.0
49,TCU,Big 12,2-2,4.67,68,0.274,32,4.396,99,-7.68,4,29.25,12.5,16.75,24.0,0.138,-0.074,0.435,0.391,1.288,0.921,5.011,0.212,41.0,-8.0
50,Virginia Tech,ACC,4-0,4.533,31,4.981,77,-0.449,123,-10.489,4,43.25,16.0,27.25,13.0,0.271,0.046,0.492,0.383,1.257,1.305,-5.03,0.226,35.0,-15.0
51,Wisconsin,Big Ten,3-1,4.237,77,-1.199,22,5.436,23,-1.178,4,31.75,20.0,11.75,25.0,0.12,-0.01,0.399,0.349,1.458,1.048,-1.072,0.13,58.0,7.0
52,Cincinnati,Big 12,4-0,4.235,28,5.469,86,-1.233,105,-7.985,4,40.5,20.5,20.0,20.333,0.364,0.126,0.488,0.433,1.336,1.196,1.631,0.237,31.0,-21.0
53,Florida State,ACC,2-2,4.219,46,2.796,60,1.424,37,-2.546,4,32.0,25.25,6.75,3.333,0.263,0.264,0.442,0.448,1.521,1.386,5.28,-0.001,93.0,40.0
54,Washington,Big Ten,3-1,4.082,63,0.965,42,3.116,114,-9.002,4,28.0,16.75,11.25,10.333,0.143,-0.128,0.448,0.35,1.194,1.168,10.747,0.271,26.0,-28.0
55,Clemson,ACC,3-1,3.743,72,-0.463,34,4.207,13,1.312,4,21.0,22.0,-1.0,12.333,-0.037,-0.045,0.336,0.392,1.2,1.131,4.639,0.008,87.0,32.0
56,Baylor,Big 12,3-1,3.721,69,0.254,40,3.467,85,-6.687,4,29.75,13.0,16.75,22.667,0.08,-0.096,0.4,0.336,1.262,1.142,-0.774,0.176,48.0,-8.0
57,South Carolina,SEC,2-2,3.458,55,2.002,59,1.456,30,-1.851,4,38.5,24.75,13.75,-0.667,0.192,0.189,0.442,0.377,1.286,1.54,1.469,0.003,91.0,34.0
58,UTSA,American Athletic,3-1,3.283,27,5.668,95,-2.385,39,-2.942,4,35.25,29.25,6.0,-1.667,0.239,0.072,0.466,0.429,1.07,1.151,2.739,0.167,49.0,-9.0
59,Memphis,American Athletic,3-1,2.674,38,4.125,90,-1.452,84,-6.594,4,33.5,26.0,7.5,8.0,0.289,0.17,0.476,0.409,1.37,1.441,3.911,0.119,63.0,4.0
60,NC State,ACC,2-2,2.514,30,5.267,97,-2.753,53,-4.281,4,38.25,25.0,13.25,26.333,0.203,0.182,0.469,0.427,1.244,1.275,4.468,0.021,82.0,22.0
61,Michigan State,Big Ten,2-2,2.351,88,-2.521,25,4.873,2,6.498,4,22.0,21.25,0.75,-2.333,0.014,0.158,0.441,0.428,1.065,1.243,-2.692,-0.144,124.0,63.0
62,Texas State,Pac-12,2-2,1.675,20,7.312,118,-5.637,16,0.696,4,36.25,33.75,2.5,20.667,0.373,0.213,0.506,0.471,1.354,1.256,1.65,0.16,52.0,-10.0
63,Fresno State,Pac-12,3-1,1.64,87,-2.443,35,4.083,74,-6.158,4,28.25,19.0,9.25,25.333,0.103,0.018,0.373,0.453,1.43,1.13,0.134,0.085,73.0,10.0
64,Army,American Athletic,2-1,1.577,90,-2.943,27,4.52,109,-8.35,3,34.667,16.0,18.667,18.667,0.333,0.237,0.523,0.454,1.045,1.301,-0.535,0.096,69.0,5.0
65,Minnesota,Big Ten,3-1,1.448,74,-0.614,52,2.062,90,-6.966,4,35.0,19.0,16.0,4.0,0.102,0.048,0.45,0.394,1.14,1.227,-0.642,0.054,76.0,11.0
66,Arizona State,Big 12,2-1,1.186,58,1.687,78,-0.501,77,-6.267,3,38.0,24.0,14.0,14.0,0.039,0.034,0.429,0.384,1.321,1.203,2.909,0.005,89.0,23.0
67,East Carolina,American Athletic,2-2,0.136,86,-2.412,47,2.548,47,-3.653,4,24.0,25.25,-1.25,11.0,0.135,0.017,0.424,0.348,1.274,1.373,6.135,0.119,64.0,-3.0
68,Oklahoma State,Big 12,3-1,0.103,71,-0.431,65,0.534,57,-4.687,4,37.25,19.75,17.5,28.0,0.123,-0.009,0.473,0.379,1.124,1.183,-11.638,0.132,56.0,-12.0
69,UNLV,Mountain West,2-2,-0.278,91,-2.958,45,2.681,52,-4.259,4,21.5,21.75,-0.25,1.667,0.072,0.081,0.392,0.41,1.215,1.157,0.535,-0.008,96.0,27.0
70,Western Michigan,Mid-American,2-2,-0.822,104,-4.884,36,4.062,61,-5.189,4,24.0,20.0,4.0,5.667,0.099,0.105,0.401,0.452,1.17,1.086,1.306,-0.006,95.0,25.0
71,Maryland,Big Ten,2-2,-0.957,75,-0.872,74,-0.084,40,-3.119,4,32.25,25.75,6.5,-12.0,0.137,0.065,0.455,0.397,1.307,1.273,-2.421,0.073,75.0,4.0
72,UConn,FBS Independents,2-2,-1.01,57,1.788,98,-2.798,122,-10.338,4,34.75,22.25,12.5,0.333,0.208,0.025,0.423,0.395,1.415,1.291,-1.051,0.183,47.0,-25.0
73,Liberty,Conference USA,3-1,-1.045,85,-2.239,61,1.194,119,-9.737,4,30.5,18.75,11.75,18.0,0.127,0.014,0.462,0.335,1.133,1.435,-4.707,0.113,65.0,-8.0
74,Tulane,American Athletic,2-2,-1.12,114,-6.139,24,5.019,17,0.268,4,18.75,23.25,-4.5,-1.333,0.103,0.171,0.343,0.396,1.513,1.306,4.162,-0.069,109.0,35.0
75,Arkansas,SEC,2-2,-1.188,70,0.131,89,-1.319,11,1.895,4,23.0,27.0,-4.0,-11.0,0.044,0.188,0.426,0.422,1.063,1.098,1.739,-0.144,125.0,50.0
76,North Carolina,ACC,2-1,-1.351,119,-6.855,21,5.504,75,-6.162,3,23.333,13.667,9.667,9.667,0.118,-0.027,0.503,0.392,1.009,1.049,-6.38,0.145,54.0,-22.0
77,West Virginia,Big 12,3-1,-1.553,53,2.107,107,-3.66,81,-6.45,4,36.25,24.75,11.5,13.0,0.191,0.176,0.447,0.451,1.219,1.207,-3.985,0.016,83.0,6.0
78,Louisiana Tech,Sun Belt,1-2,-2.035,48,2.562,112,-4.598,29,-1.843,3,37.667,29.0,8.667,8.667,0.034,0.044,0.348,0.356,1.424,1.46,-0.761,-0.011,97.0,19.0
79,San Diego State,Pac-12,1-3,-2.102,106,-5.09,43,2.988,14,0.95,4,23.0,28.75,-5.75,-18.667,-0.063,0.147,0.32,0.446,1.361,1.119,4.351,-0.209,129.0,50.0
80,Oregon State,Pac-12,2-2,-2.155,84,-2.101,72,-0.054,66,-5.365,4,32.25,23.0,9.25,16.667,0.249,0.089,0.424,0.39,1.505,1.162,-9.99,0.16,51.0,-29.0
81,Kansas,Big 12,1-2,-2.198,78,-1.208,82,-0.99,73,-6.058,3,29.667,22.667,7.0,7.0,0.136,-0.064,0.413,0.306,1.487,1.326,1.316,0.2,44.0,-37.0
82,Navy,American Athletic,1-2,-2.386,79,-1.357,84,-1.029,137,-14.014,3,30.667,25.667,5.0,5.0,0.202,0.19,0.511,0.393,1.161,1.48,3.314,0.013,86.0,4.0
83,Louisiana,Sun Belt,3-1,-2.815,92,-3.064,68,0.25,131,-12.236,4,30.75,19.25,11.5,5.0,0.09,-0.13,0.394,0.396,1.222,0.983,-6.354,0.22,39.0,-44.0
84,Washington State,Pac-12,1-3,-2.966,109,-5.811,44,2.845,33,-1.992,4,22.25,24.75,-2.5,1.333,-0.018,0.107,0.368,0.43,1.256,1.282,3.787,-0.126,122.0,38.0
85,Georgia Tech,ACC,1-3,-3.193,80,-1.579,91,-1.614,89,-6.796,4,27.0,26.0,1.0,1.667,0.16,0.191,0.453,0.424,1.245,1.277,4.64,-0.031,101.0,16.0
86,Air Force,Mountain West,2-1,-3.213,56,1.928,115,-5.142,126,-10.775,3,34.0,23.667,10.333,10.333,0.279,0.024,0.476,0.358,1.101,1.439,-4.071,0.255,29.0,-57.0
87,Miami (OH),Mid-American,2-2,-3.695,82,-1.715,93,-1.98,43,-3.242,4,28.5,30.5,-2.0,12.333,0.288,0.162,0.444,0.431,1.511,1.381,-2.917,0.126,59.0,-28.0
88,Georgia State,Sun Belt,3-1,-3.808,54,2.044,120,-5.852,129,-11.987,4,38.75,21.25,17.5,7.0,0.249,0.025,0.471,0.384,1.348,1.331,-13.265,0.224,37.0,-51.0
89,Temple,American Athletic,1-3,-4.034,73,-0.546,105,-3.487,31,-1.958,4,28.0,27.75,0.25,-7.667,0.252,0.223,0.441,0.453,1.318,1.253,-4.683,0.028,80.0,-9.0
90,Florida Atlantic,American Athletic,3-1,-4.234,45,3.018,126,-7.252,55,-4.382,4,30.0,30.75,-0.75,14.0,0.171,0.164,0.439,0.392,1.232,1.59,-7.533,0.007,88.0,-2.0
91,Old Dominion,Sun Belt,1-3,-4.622,99,-3.903,80,-0.719,34,-2.026,4,22.25,30.0,-7.75,-17.333,-0.102,-0.015,0.31,0.346,1.568,1.217,6.827,-0.087,115.0,24.0
92,Syracuse,ACC,1-2,-4.733,93,-3.478,87,-1.255,91,-7.03,3,32.333,17.0,15.333,15.333,0.039,-0.048,0.396,0.386,1.343,1.079,-8.496,0.087,72.0,-20.0
93,Purdue,Big Ten,1-3,-4.835,49,2.551,127,-7.386,8,3.387,4,32.0,39.5,-7.5,-18.333,0.287,0.377,0.472,0.511,1.25,1.317,-5.252,-0.089,116.0,23.0
94,Jacksonville State,Conference USA,3-2,-4.845,95,-3.548,88,-1.297,110,-8.416,5,27.4,21.8,5.6,4.0,0.197,0.064,0.482,0.426,1.207,1.094,-3.711,0.133,55.0,-39.0
95,California,ACC,2-2,-4.895,98,-3.778,85,-1.116,51,-4.247,4,26.0,23.5,2.5,10.333,-0.011,0.046,0.392,0.38,1.238,1.357,-2.788,-0.056,104.0,9.0
96,Ohio,Mid-American,2-2,-5.119,76,-0.913,108,-4.207,94,-7.207,4,30.25,31.0,-0.75,8.333,0.224,0.283,0.449,0.433,1.237,1.388,-0.417,-0.059,107.0,11.0
97,Rutgers,Big Ten,1-3,-5.217,51,2.241,129,-7.457,101,-7.751,4,33.75,28.5,5.25,12.333,0.136,0.192,0.48,0.468,1.373,1.2,-0.153,-0.056,105.0,8.0
98,App State,Sun Belt,3-1,-5.336,83,-1.727,106,-3.609,127,-11.609,4,34.75,22.25,12.5,-0.667,0.178,0.099,0.417,0.43,1.343,1.111,-8.527,0.079,74.0,-24.0
99,Colorado,Big 12,2-2,-5.462,105,-4.898,79,-0.564,60,-4.925,4,21.5,24.5,-3.0,-4.333,0.081,0.035,0.404,0.387,1.243,1.182,-4.251,0.046,77.0,-22.0
100,Tulsa,American Athletic,3-1,-5.62,124,-8.121,48,2.5,120,-9.85,4,23.75,15.25,8.5,6.667,0.109,-0.053,0.391,0.387,1.138,1.046,-8.357,0.162,50.0,-50.0
101,Massachusetts,Mid-American,4-0,-5.678,108,-5.43,75,-0.249,138,-18.313,4,36.25,12.75,23.5,26.0,0.316,-0.216,0.46,0.36,1.297,0.993,-24.085,0.533,5.0,-96.0
102,Colorado State,Pac-12,2-2,-6.057,36,4.238,135,-10.295,72,-6.006,4,40.25,34.25,6.0,0.667,0.319,0.221,0.444,0.474,1.551,1.222,-10.978,0.099,68.0,-34.0
103,Georgia Southern,Sun Belt,1-3,-6.155,102,-4.305,92,-1.85,58,-4.78,4,23.25,23.75,-0.5,-11.0,0.115,0.136,0.429,0.397,1.165,1.127,-5.894,-0.021,100.0,-3.0
104,Florida International,Conference USA,2-2,-6.396,134,-10.847,30,4.45,125,-10.535,4,18.0,14.5,3.5,8.0,0.009,-0.004,0.391,0.337,1.207,1.159,-5.394,0.013,85.0,-19.0
105,Delaware,Conference USA,2-2,-6.531,96,-3.695,99,-2.836,64,-5.272,4,23.25,24.5,-1.25,-13.333,0.109,0.106,0.413,0.408,1.284,1.237,-6.969,0.003,90.0,-15.0
106,Kennesaw State,Conference USA,1-3,-6.65,121,-7.561,64,0.911,79,-6.372,4,21.75,22.5,-0.75,-16.667,0.109,0.211,0.447,0.462,1.111,1.087,-1.05,-0.102,118.0,12.0
107,South Alabama,Sun Belt,2-2,-7.034,67,0.384,128,-7.417,92,-7.113,4,31.25,30.75,0.5,-7.667,0.187,0.291,0.412,0.478,1.338,1.514,-7.08,-0.104,119.0,12.0
108,Troy,Sun Belt,2-2,-7.455,123,-7.949,66,0.495,118,-9.592,4,21.25,21.5,-0.25,-1.333,0.023,0.036,0.38,0.372,1.313,1.318,-3.268,-0.013,98.0,-10.0
109,Utah State,Pac-12,1-3,-7.59,127,-8.56,63,0.97,38,-2.808,4,13.0,22.0,-9.0,-8.0,-0.048,0.035,0.376,0.408,1.3,1.137,-0.957,-0.083,114.0,5.0
110,Arkansas State,Sun Belt,2-2,-7.614,107,-5.393,94,-2.221,83,-6.551,4,25.0,23.5,1.5,8.0,0.096,0.17,0.461,0.448,1.148,1.29,-5.768,-0.074,110.0,0.0
111,Stanford,ACC,2-2,-7.657,101,-4.21,104,-3.447,5,4.019,4,21.0,33.5,-12.5,-20.0,0.21,0.293,0.413,0.463,1.286,1.371,-4.84,-0.083,113.0,2.0
112,Missouri State,Conference USA,1-3,-8.686,100,-4.172,110,-4.514,62,-5.229,4,24.0,32.0,-8.0,6.0,0.115,0.221,0.407,0.504,1.199,1.064,-4.925,-0.106,120.0,8.0
113,Western Kentucky,Conference USA,1-3,-9.248,81,-1.715,130,-7.534,15,0.873,4,21.5,41.0,-19.5,-14.333,-0.032,0.419,0.376,0.49,1.253,1.558,-0.933,-0.451,138.0,25.0
114,Coastal Carolina,Sun Belt,1-3,-9.302,113,-6.09,100,-3.212,115,-9.007,4,25.0,23.5,1.5,4.333,0.157,0.118,0.409,0.462,1.475,0.948,-8.285,0.038,78.0,-36.0
115,Boston College,ACC,2-2,-9.478,131,-9.416,73,-0.061,71,-5.837,4,19.75,23.0,-3.25,2.0,-0.045,0.002,0.385,0.395,1.153,1.237,-6.309,-0.047,103.0,-12.0
116,Rice,American Athletic,1-3,-9.691,116,-6.383,101,-3.308,19,-0.31,4,19.0,30.25,-11.25,-24.333,0.064,0.159,0.449,0.435,1.105,1.307,-11.654,-0.095,117.0,1.0
117,Southern Miss,Sun Belt,1-3,-9.802,94,-3.527,121,-6.275,65,-5.345,4,24.5,29.5,-5.0,-22.0,0.069,0.15,0.425,0.401,1.156,1.388,-4.094,-0.081,112.0,-5.0
118,Marshall,Sun Belt,3-1,-10.333,89,-2.733,132,-7.6,111,-8.559,4,23.5,32.5,-9.0,3.0,0.166,0.356,0.43,0.47,1.243,1.373,-2.674,-0.19,127.0,9.0
119,Middle Tennessee,Conference USA,2-2,-10.467,120,-7.059,103,-3.409,135,-13.516,4,26.0,21.25,4.75,-1.667,0.198,0.091,0.425,0.444,1.171,1.134,-12.681,0.107,67.0,-52.0
120,Hawai'i,Mountain West,1-3,-10.765,115,-6.32,109,-4.445,107,-8.238,4,18.0,26.0,-8.0,-7.333,0.042,0.213,0.384,0.466,1.125,1.227,-0.662,-0.171,126.0,6.0
121,UAB,American Athletic,2-2,-10.909,111,-5.923,113,-4.986,68,-5.599,4,21.75,25.75,-4.0,1.0,0.04,0.053,0.417,0.45,1.197,1.044,-11.242,-0.013,99.0,-22.0
122,Sam Houston,Conference USA,1-3,-11.418,103,-4.411,124,-7.007,87,-6.689,4,27.75,24.0,3.75,6.0,0.068,0.068,0.439,0.394,1.282,1.273,-16.058,0.001,92.0,-30.0
123,Central Michigan,Mid-American,2-2,-11.482,133,-10.634,81,-0.848,41,-3.17,4,11.75,27.5,-15.75,-10.667,-0.001,0.198,0.356,0.478,1.115,1.096,-4.529,-0.199,128.0,5.0
124,New Mexico State,Conference USA,1-3,-11.551,110,-5.829,119,-5.722,82,-6.504,4,26.25,29.75,-3.5,1.0,0.066,0.194,0.41,0.434,1.401,1.269,-9.542,-0.127,123.0,-1.0
125,San José State,Mountain West,2-2,-11.757,118,-6.482,116,-5.275,93,-7.169,4,23.25,27.25,-4.0,0.0,0.06,0.065,0.383,0.424,1.224,1.082,-10.962,-0.005,94.0,-31.0
126,Nevada,Mountain West,1-3,-11.988,129,-8.661,102,-3.327,133,-12.457,4,27.25,24.25,3.0,-7.667,0.079,0.137,0.411,0.414,1.306,1.131,-10.513,-0.058,106.0,-20.0
127,Wyoming,Mountain West,2-2,-13.469,138,-15.121,58,1.652,136,-13.801,4,17.75,20.5,-2.75,3.667,0.156,0.123,0.461,0.443,1.088,1.091,-7.361,0.033,79.0,-48.0
128,Kent State,Mid-American,2-2,-13.533,117,-6.413,125,-7.12,56,-4.61,4,16.25,36.0,-19.75,-7.333,0.052,0.118,0.33,0.439,1.462,1.269,-10.78,-0.066,108.0,-20.0
129,Sacramento State,Mid-American,1-4,-14.236,128,-8.606,117,-5.63,102,-7.769,5,17.6,28.6,-11.0,-32.0,-0.11,0.13,0.399,0.364,0.973,1.448,0.0,-0.24,131.0,2.0
130,Eastern Michigan,Mid-American,2-3,-14.468,125,-8.151,122,-6.317,117,-9.261,5,19.0,27.2,-8.2,-15.333,0.02,0.097,0.379,0.403,1.154,1.261,-9.819,-0.077,111.0,-19.0
131,Akron,Mid-American,1-3,-15.829,126,-8.254,131,-7.575,63,-5.256,4,19.5,31.75,-12.25,-9.0,-0.039,0.243,0.419,0.426,1.005,1.423,-9.869,-0.282,133.0,2.0
132,UTEP,Mountain West,1-3,-16.659,112,-6.0,137,-10.658,46,-3.428,4,18.75,36.5,-17.75,-6.667,-0.131,0.309,0.372,0.503,1.243,1.277,-11.088,-0.44,137.0,5.0
133,Ball State,Mid-American,1-3,-16.872,130,-8.675,133,-8.197,59,-4.901,4,18.0,37.5,-19.5,-8.333,0.07,0.304,0.33,0.438,1.487,1.49,-13.853,-0.233,130.0,-3.0
134,Buffalo,Mid-American,2-2,-16.891,122,-7.943,134,-8.948,130,-12.095,4,21.25,33.25,-12.0,-17.333,-0.007,0.112,0.332,0.357,1.254,1.48,-7.332,-0.119,121.0,-13.0
135,Bowling Green,Mid-American,0-4,-18.181,137,-13.609,111,-4.572,24,-1.256,4,8.25,36.25,-28.0,-35.0,-0.167,0.2,0.341,0.487,0.901,1.337,-8.646,-0.367,136.0,1.0
136,Northern Illinois,Mountain West,0-4,-19.545,136,-12.617,123,-6.928,44,-3.412,4,13.75,36.25,-22.5,-16.667,-0.097,0.269,0.385,0.457,1.122,1.368,-11.237,-0.366,135.0,-1.0
137,UL Monroe,Sun Belt,0-4,-22.141,132,-9.898,138,-12.243,103,-7.815,4,21.25,42.75,-21.5,-12.333,-0.077,0.284,0.414,0.51,1.108,1.184,-12.864,-0.362,134.0,-3.0
138,Charlotte,American Athletic,0-4,-22.188,135,-11.674,136,-10.514,78,-6.317,4,19.5,36.0,-16.5,-21.333,-0.102,0.163,0.367,0.463,1.042,1.186,-18.057,-0.265,132.0,-6.0
