rank,action,bet,game,kickoff,price_cents,units,contracts,cost_dollars,model_prob,blended_prob,market_prob,edge_cents,why,context,flags,market_title,ticker
1,BUY NO,"Kansas wins by 33 or fewer, or loses",Middle Tennessee @ Kansas,Sat 10/03 11:00 AM,9,1.0,11,0.99,0.929,0.929,0.085,83.3,Projection: Kansas by 11.1; the bet is Kansas winning by more than 33.5.,"#119 Middle Tennessee at #81 Kansas | ATS: Kansas 1-2, Middle Tennessee 3-1",model and market disagree a lot - check injuries/QB news before betting; thin volume,Kansas wins by over 33.5 points,KXNCAAFSPREAD-26OCT03MTUKU-KU34
2,BUY NO,"Wake Forest wins by 30 or fewer, or loses",Stanford @ Wake Forest,Sat 10/03 11:00 AM,8,1.0,12,0.96,0.855,0.855,0.075,77.0,Projection: Wake Forest by 14.8; the bet is Wake Forest winning by more than 30.5.,"#109 Stanford at #47 Wake Forest | ATS: Wake Forest 2-2, Stanford 2-2",model and market disagree a lot - check injuries/QB news before betting; thin volume,Wake Forest wins by over 30.5 points,KXNCAAFSPREAD-26OCT03STANWAKE-WAKE31
3,BUY YES,OVER 42.5 total points,Navy @ Air Force,Sat 10/03 11:00 AM,12,1.0,8,0.96,0.871,0.871,0.11,74.3,Projected total 61.3 vs Kalshi line 42.5.,"#82 Navy at #86 Air Force | Overs: Air Force 2-1, Navy 2-1",model and market disagree a lot - check injuries/QB news before betting; thin volume,Over 42.5 points scored,KXNCAAFTOTAL-26OCT03NAVYAFA-43
4,BUY NO,UNDER 54.5 total points,Notre Dame @ North Carolina,Sat 10/03 11:00 AM,11,1.0,9,0.99,0.799,0.799,0.105,68.2,Projected total 40.6 vs Kalshi line 54.5.,"#1 Notre Dame at #76 North Carolina | Overs: North Carolina 1-2, Notre Dame 2-2",model and market disagree a lot - check injuries/QB news before betting; thin volume,Over 54.5 points scored,KXNCAAFTOTAL-26OCT03NDUNC-55
5,BUY NO,"Syracuse wins by 5 or fewer, or loses",Syracuse @ UConn,Sat 10/03 11:00 AM,15,1.0,6,0.9,0.792,0.792,0.14,63.4,Projection: UConn by 7.4; the bet is Syracuse winning by more than 5.5.,"#93 Syracuse at #73 UConn | ATS: UConn 2-2, Syracuse 1-2",model and market disagree a lot - check injuries/QB news before betting; thin volume,Syracuse wins by over 5.5 points,KXNCAAFSPREAD-26OCT03SYRCONN-SYR6
6,BUY NO,"Wisconsin wins by 13 or fewer, or loses",Michigan State @ Wisconsin,Sat 10/03 11:30 AM,15,1.0,6,0.9,0.736,0.736,0.14,57.7,Projection: Wisconsin by 4.0; the bet is Wisconsin winning by more than 13.5.,"#61 Michigan State at #57 Wisconsin | ATS: Wisconsin 2-2, Michigan State 2-1-1",model and market disagree a lot - check injuries/QB news before betting; thin volume,Wisconsin wins by over 13.5 points,KXNCAAFSPREAD-26OCT03MSUWIS-WIS14
7,BUY NO,UNDER 62.5 total points,West Virginia @ Iowa State,Sat 10/03 11:00 AM,14,1.0,7,0.98,0.688,0.688,0.105,54.0,Projected total 54.3 vs Kalshi line 62.5.,"#77 West Virginia at #40 Iowa State | Overs: Iowa State 2-2, West Virginia 4-0",model and market disagree a lot - check injuries/QB news before betting; thin volume,Over 62.5 points scored,KXNCAAFTOTAL-26OCT03WVUISU-63
8,BUY NO,UNDER 62.5 total points,Syracuse @ UConn,Sat 10/03 11:00 AM,14,1.0,7,0.98,0.65,0.65,0.135,50.2,Projected total 55.9 vs Kalshi line 62.5.,"#93 Syracuse at #73 UConn | Overs: UConn 2-2, Syracuse 1-2",model and market disagree a lot - check injuries/QB news before betting; thin volume,Over 62.5 points scored,KXNCAAFTOTAL-26OCT03SYRCONN-63
9,BUY NO,"Alabama wins by 11 or fewer, or loses",Alabama @ Mississippi State,Sat 10/03 11:00 AM,16,1.0,6,0.96,0.575,0.575,0.155,40.6,Projection: Alabama by 8.7; the bet is Alabama winning by more than 11.5.,"#2 Alabama at #18 Mississippi State | ATS: Mississippi State 4-0, Alabama 3-1",model and market disagree a lot - check injuries/QB news before betting; thin volume,Alabama wins by over 11.5 points,KXNCAAFSPREAD-26OCT03ALAMSST-ALA12
10,BUY YES,Iowa State wins by MORE than 9.5,West Virginia @ Iowa State,Sat 10/03 11:00 AM,12,1.0,8,0.96,0.521,0.521,0.115,39.3,Projection: Iowa State by 10.4; the bet is Iowa State winning by more than 9.5.,"#77 West Virginia at #40 Iowa State | ATS: Iowa State 2-2, West Virginia 2-2",model and market disagree a lot - check injuries/QB news before betting; thin volume,Iowa St. wins by over 9.5 points,KXNCAAFSPREAD-26OCT03WVUISU-ISU10
