game_id,week,kickoff,kickoff_utc,away,home,neutral,away_rank,home_rank,mode,exp_home_pts,exp_away_pts,pure_model_margin_home,pure_model_total,model_margin_home,model_spread_home,model_line,model_total,home_win_pct,away_win_pct,market_spread_home,market_total,home_cover_pct,away_cover_pct,over_pct,under_pct,hfa_pts,pace_mult,tend_home_adj,tend_away_adj,weather,weather_total_adj,injury_margin_adj,injury_total_adj,injury_notes,sd_margin,sd_total
401858245,5,Fri 10/02 6:00 PM,2026-10-02T23:00:00.000Z,Pittsburgh,Virginia Tech,False,20,51,model,28.1,31.7,-3.6,59.7,-3.6,3.6,Pittsburgh -3.6,59.7,40.9,59.1,-1.5,53.75,38.0,62.0,65.1,34.9,3.0,1.045,0.02,0.31,"73F, wind 10 mph (gusts 23), rain 0.00 in",-0.0,0.0,0.0,,15.7,16.7
401871050,5,Fri 10/02 6:00 PM,2026-10-02T23:00:00.000Z,Liberty,Delaware,False,73,105,model,22.6,24.3,-1.7,46.9,-1.7,1.7,Liberty -1.7,46.9,45.8,54.2,7.0,51.5,62.3,35.3,39.5,60.5,3.0,0.991,-0.09,-0.85,"74F, wind 8 mph (gusts 24), rain 0.02 in",-0.1,0.0,0.0,,15.7,16.7
401858476,5,Fri 10/02 7:00 PM,2026-10-03T00:00:00.000Z,Penn State,Northwestern,False,16,37,model,21.1,23.2,-2.0,44.3,-2.0,2.0,Penn State -2.0,44.3,44.8,55.2,2.5,46.75,50.2,49.8,45.8,54.2,3.0,0.987,0.15,-0.04,"56F, wind 8 mph (gusts 13), rain 0.00 in",-0.0,0.0,0.0,,15.7,16.7
401862787,5,Sat 10/03 10:00 AM,2026-10-03T15:00:00.000Z,Memphis,Charlotte,False,59,138,model,16.6,38.1,-21.5,54.7,-21.5,21.5,Memphis -21.5,54.7,7.9,92.1,20.5,52.25,47.6,52.4,55.6,44.4,3.0,0.972,-0.57,-0.32,"81F, wind 2 mph (gusts 5), rain 0.00 in",-0.0,0.0,0.0,,15.7,16.7
401858246,5,Sat 10/03 11:00 AM,2026-10-03T16:00:00.000Z,Boston College,SMU,False,115,39,model,33.5,14.4,19.1,47.9,19.1,-19.1,SMU -19.1,47.9,89.2,10.8,-21.0,55.25,42.9,54.4,33.0,67.0,3.0,1.003,0.55,0.11,"72F, wind 6 mph (gusts 9), rain 0.00 in",-0.0,0.0,0.0,,15.7,16.7
401858251,5,Sat 10/03 11:00 AM,2026-10-03T16:00:00.000Z,Stanford,Wake Forest,False,109,47,model,33.3,18.5,14.8,51.8,14.8,-14.8,Wake Forest -14.8,51.8,83.2,16.8,-14.25,53.5,50.8,49.2,45.9,54.1,3.0,0.996,0.18,0.64,"71F, wind 12 mph (gusts 18), rain 0.00 in",-0.49,0.0,0.0,,15.7,16.7
401858252,5,Sat 10/03 11:00 AM,2026-10-03T16:00:00.000Z,Syracuse,UConn,False,93,72,model,31.7,24.4,7.4,56.1,7.4,-7.4,UConn -7.4,56.1,68.7,31.3,6.75,50.5,81.7,18.3,63.2,36.8,3.0,1.024,0.14,-0.34,"65F, wind 9 mph (gusts 13), rain 0.00 in",-0.0,0.0,0.0,,15.7,16.7
401858474,5,Sat 10/03 11:00 AM,2026-10-03T16:00:00.000Z,Michigan,Minnesota,False,34,65,model,20.3,22.8,-2.5,43.2,-2.5,2.5,Michigan -2.5,43.2,43.4,56.6,6.0,43.25,57.2,40.1,49.5,50.5,3.0,0.982,0.31,-0.15,"61F, wind 16 mph (gusts 32), rain 0.00 in",-1.55,0.0,0.0,,15.7,16.7
401862791,5,Sat 10/03 11:00 AM,2026-10-03T16:00:00.000Z,Navy,Air Force,False,82,86,model,30.2,31.1,-0.8,61.3,-0.8,0.8,Navy -0.8,61.3,48.0,52.0,-3.0,45.5,39.8,57.4,82.5,17.5,3.0,1.032,-1.5,1.5,"74F, wind 9 mph (gusts 16), rain 0.00 in",-0.0,0.0,0.0,,15.7,16.7
401856707,5,Sat 10/03 11:00 AM,2026-10-03T16:00:00.000Z,Alabama,Mississippi State,False,2,19,model,33.0,41.7,-8.7,74.7,-8.7,8.7,Alabama -8.7,74.7,28.5,71.5,5.5,60.5,41.6,58.4,80.7,19.3,3.0,1.014,0.0,0.02,"86F, wind 6 mph (gusts 8), rain 0.00 in",-0.0,0.0,0.0,,15.7,16.7
401856807,5,Sat 10/03 11:00 AM,2026-10-03T16:00:00.000Z,Middle Tennessee,Kansas,False,120,81,model,30.0,19.0,11.1,49.0,11.1,-11.1,Kansas -11.1,49.0,76.2,23.8,-19.5,50.25,28.6,71.4,47.0,53.0,3.0,1.0,0.02,0.29,"64F, wind 6 mph (gusts 12), rain 0.00 in",-0.0,0.0,0.0,,15.7,16.7
401856822,5,Sat 10/03 11:00 AM,2026-10-03T16:00:00.000Z,West Virginia,Iowa State,False,77,40,model,32.3,22.0,10.3,54.4,10.3,-10.3,Iowa State -10.3,54.4,75.3,24.7,-3.0,53.25,67.8,29.5,52.4,47.6,3.0,1.0,-0.15,0.12,forecast unavailable,0.0,0.0,0.0,,15.7,16.7
401856819,5,Sat 10/03 11:00 AM,2026-10-03T16:00:00.000Z,UCF,Houston,False,44,27,model,31.1,24.8,6.3,55.9,6.3,-6.3,Houston -6.3,55.9,65.7,34.3,-10.5,50.75,39.1,60.9,63.1,36.9,3.0,0.977,-0.31,-0.03,"84F, wind 10 mph (gusts 17), rain 0.00 in",-0.08,0.0,0.0,,15.7,16.7
401858250,5,Sat 10/03 11:00 AM,2026-10-03T16:00:00.000Z,Notre Dame,North Carolina,False,1,76,model,9.1,31.7,-22.6,40.7,-22.6,22.6,Notre Dame -22.6,40.7,7.0,93.0,21.0,46.5,47.0,50.2,37.6,62.4,3.0,0.972,-0.07,-0.0,"79F, wind 8 mph (gusts 11), rain 0.00 in",-0.0,0.0,0.0,,15.7,16.7
401858479,5,Sat 10/03 11:30 AM,2026-10-03T16:30:00.000Z,Michigan State,Wisconsin,False,61,52,model,21.0,16.5,4.5,37.6,4.5,-4.5,Wisconsin -4.5,37.6,61.8,38.2,-9.5,43.25,37.4,62.6,36.4,63.6,3.0,0.98,-0.19,0.13,"59F, wind 11 mph (gusts 18), rain 0.00 in",-0.22,0.0,0.0,,15.7,16.7
401856705,5,Sat 10/03 11:45 AM,2026-10-03T16:45:00.000Z,Vanderbilt,Georgia,False,46,5,model,39.9,21.7,18.2,61.6,18.2,-18.2,Georgia -18.2,61.6,87.8,12.2,-25.25,50.75,31.6,68.4,75.0,25.0,3.0,0.98,-0.0,0.21,"82F, wind 5 mph (gusts 7), rain 0.00 in",-0.0,0.0,0.0,,15.7,16.7
401866432,5,Sat 10/03 12:00 PM,2026-10-03T17:00:00.000Z,Western Michigan,Buffalo,False,70,134,model,15.8,29.1,-13.3,44.9,-13.3,13.3,Western Michigan -13.3,44.9,19.7,80.3,12.75,45.75,48.4,51.6,48.9,51.1,3.0,1.004,-0.1,0.12,"61F, wind 8 mph (gusts 10), rain 0.00 in",-0.0,0.0,0.0,,15.7,16.7
401866431,5,Sat 10/03 1:00 PM,2026-10-03T18:00:00.000Z,Toledo,Ball State,False,43,133,model,21.1,40.5,-19.4,61.6,-19.4,19.4,Toledo -19.4,61.6,10.3,89.7,21.0,51.75,53.6,43.8,73.3,26.7,3.0,0.98,-0.0,0.21,"64F, wind 9 mph (gusts 14), rain 0.00 in",-0.0,0.0,0.0,,15.7,16.7
401869956,5,Sat 10/03 2:30 PM,2026-10-03T19:30:00.000Z,Old Dominion,Georgia State,False,91,88,model,30.4,27.1,3.3,57.5,3.3,-3.3,Georgia State -3.3,57.5,57.9,42.1,-2.5,51.5,52.3,47.7,64.5,35.4,3.0,0.993,0.01,0.55,"81F, wind 5 mph (gusts 11), rain 0.00 in",-0.0,0.0,0.0,,15.7,16.7
401858247,5,Sat 10/03 2:30 PM,2026-10-03T19:30:00.000Z,California,UNLV,False,96,69,model,26.0,17.9,8.1,44.0,8.1,-8.1,UNLV -8.1,44.0,70.5,29.5,-2.25,53.25,65.3,34.7,27.8,72.2,3.0,1.012,0.17,-0.31,dome,0.0,0.0,0.0,,15.7,16.7
401856708,5,Sat 10/03 2:30 PM,2026-10-03T19:30:00.000Z,Florida,Missouri,False,12,33,model,30.2,33.1,-2.9,63.4,-2.9,2.9,Florida -2.9,63.4,42.2,57.8,5.5,57.75,56.2,43.8,64.5,35.5,3.0,1.013,0.02,0.02,"70F, wind 3 mph (gusts 7), rain 0.00 in",-0.0,0.0,0.0,,15.7,16.7
401858248,5,Sat 10/03 2:30 PM,2026-10-03T19:30:00.000Z,Louisville,NC State,False,36,60,model,34.2,35.4,-1.1,69.6,-1.1,1.1,Louisville -1.1,69.6,47.3,52.7,3.0,58.25,52.7,44.4,75.2,24.8,3.0,1.009,-0.06,-0.05,"78F, wind 11 mph (gusts 17), rain 0.00 in",-0.25,0.0,0.0,,15.7,16.7
401866430,5,Sat 10/03 2:30 PM,2026-10-03T19:30:00.000Z,Akron,Central Michigan,False,131,123,model,24.7,16.5,8.2,41.2,8.2,-8.2,Central Michigan -8.2,41.2,70.1,29.9,-6.75,47.25,54.1,45.9,35.6,64.4,3.0,0.97,0.55,-0.4,"60F, wind 7 mph (gusts 10), rain 0.00 in",-0.0,0.0,0.0,,15.7,16.7
401856710,5,Sat 10/03 2:30 PM,2026-10-03T19:30:00.000Z,Auburn,Tennessee,False,32,15,model,34.0,25.0,9.0,58.9,9.0,-9.0,Tennessee -9.0,58.9,72.1,27.9,-6.5,53.75,56.0,44.0,62.6,37.4,3.0,1.023,0.52,-0.12,"77F, wind 3 mph (gusts 8), rain 0.00 in",-0.0,0.0,0.0,,15.7,16.7
401864515,5,Sat 10/03 2:30 PM,2026-10-03T19:30:00.000Z,Wyoming,North Dakota State,False,127,38,model,26.1,4.0,22.2,30.1,22.2,-22.2,North Dakota State -22.2,30.1,92.9,7.1,-16.75,44.5,59.9,40.1,20.4,79.6,3.0,0.971,-0.1,0.02,dome,0.0,0.0,0.0,,15.7,16.7
401858473,5,Sat 10/03 2:30 PM,2026-10-03T19:30:00.000Z,Ohio State,Iowa,False,3,21,model,17.4,26.8,-9.4,44.2,-9.4,9.4,Ohio State -9.4,44.2,27.2,72.8,14.25,45.5,63.6,36.4,47.0,53.0,3.0,0.998,-0.28,0.57,forecast unavailable,0.0,0.0,0.0,,15.7,16.7
401866477,5,Sat 10/03 2:30 PM,2026-10-03T19:30:00.000Z,Bowling Green,Miami (OH),False,135,87,model,29.4,12.3,17.1,41.8,17.1,-17.1,Miami (OH) -17.1,41.8,86.7,13.3,-12.25,42.75,60.6,39.4,49.0,51.0,3.0,0.951,0.29,-0.19,"66F, wind 9 mph (gusts 12), rain 0.00 in",-0.0,0.0,0.0,,15.7,16.7
401866434,5,Sat 10/03 2:30 PM,2026-10-03T19:30:00.000Z,Ohio,Kent State,False,97,128,model,24.9,30.9,-6.0,55.8,-6.0,6.0,Ohio -6.0,55.8,34.4,65.6,3.5,50.75,42.6,57.4,62.9,37.0,3.0,0.982,-0.24,0.41,"64F, wind 8 mph (gusts 12), rain 0.00 in",-0.0,0.0,0.0,,15.7,16.7
401866433,5,Sat 10/03 2:30 PM,2026-10-03T19:30:00.000Z,Eastern Michigan,Massachusetts,False,130,101,model,27.6,16.6,11.0,44.2,11.0,-11.0,Massachusetts -11.0,44.2,75.9,24.1,-6.0,48.75,60.8,36.4,40.4,59.6,3.0,0.959,0.06,0.39,"66F, wind 7 mph (gusts 10), rain 0.00 in",-0.0,0.0,0.0,,15.7,16.7
401858253,5,Sat 10/03 2:30 PM,2026-10-03T19:30:00.000Z,Virginia,Florida State,False,22,50,model,24.3,26.6,-2.3,51.0,-2.3,2.3,Virginia -2.3,51.0,43.4,56.6,1.25,51.5,46.2,53.8,49.1,50.9,3.0,0.999,0.07,-0.22,"87F, wind 9 mph (gusts 14), rain 0.00 in",-0.0,0.0,0.0,,15.7,16.7
401869962,5,Sat 10/03 2:45 PM,2026-10-03T19:45:00.000Z,Marshall,James Madison,False,119,11,model,44.3,17.1,27.2,61.4,27.2,-27.2,James Madison -27.2,61.4,95.8,4.2,-18.5,55.75,70.9,29.1,64.2,35.8,3.0,0.995,-0.1,0.0,"54F, wind 7 mph (gusts 13), rain 0.13 in",-0.78,0.0,0.0,,15.7,16.7
401858475,5,Sat 10/03 3:00 PM,2026-10-03T20:00:00.000Z,Maryland,Nebraska,False,71,24,model,35.0,20.5,14.5,55.6,14.5,-14.5,Nebraska -14.5,55.6,83.4,16.6,-14.5,52.5,50.4,49.6,56.8,43.2,3.0,1.024,-0.1,-0.35,"66F, wind 9 mph (gusts 20), rain 0.00 in",-0.0,0.0,0.0,,15.7,16.7
401864514,5,Sat 10/03 3:00 PM,2026-10-03T20:00:00.000Z,UTEP,New Mexico,False,132,31,model,41.8,14.3,27.5,56.1,27.5,-27.5,New Mexico -27.5,56.1,96.2,3.8,-22.5,47.75,61.7,38.3,70.8,29.2,3.0,0.968,0.34,-0.48,"75F, wind 1 mph (gusts 7), rain 0.00 in",-0.0,0.0,0.0,,15.7,16.7
401856709,5,Sat 10/03 3:15 PM,2026-10-03T20:15:00.000Z,Kentucky,South Carolina,False,48,57,model,27.3,25.4,1.9,52.7,1.9,-1.9,South Carolina -1.9,52.7,55.1,44.9,-2.5,53.75,49.6,50.4,47.7,52.3,3.0,1.004,-0.08,-0.16,"78F, wind 5 mph (gusts 10), rain 0.00 in",-0.0,0.0,0.0,,15.7,16.7
401858472,5,Sat 10/03 3:15 PM,2026-10-03T20:15:00.000Z,Purdue,Illinois,False,94,45,model,39.5,27.5,12.1,67.0,12.1,-12.1,Illinois -12.1,67.0,78.6,21.4,-10.25,62.5,54.2,45.8,60.6,39.4,3.0,0.993,-0.11,0.49,"67F, wind 6 mph (gusts 10), rain 0.00 in",-0.0,0.0,0.0,,15.7,16.7
401860899,5,Sat 10/03 5:00 PM,2026-10-03T22:00:00.000Z,Oregon State,Colorado State,False,80,102,model,32.1,34.0,-1.9,66.1,-1.9,1.9,Oregon State -1.9,66.1,45.6,54.4,6.75,62.25,61.5,38.5,58.2,41.8,3.0,1.011,-0.22,0.82,"78F, wind 11 mph (gusts 18), rain 0.00 in",-0.27,0.0,0.0,,15.7,16.7
401862788,5,Sat 10/03 6:00 PM,2026-10-03T23:00:00.000Z,UTSA,Rice,False,58,116,model,24.9,32.8,-7.9,57.7,-7.9,7.9,UTSA -7.9,57.7,30.6,69.4,12.5,55.75,61.9,38.1,55.0,45.0,3.0,0.98,1.5,-0.36,"82F, wind 6 mph (gusts 18), rain 0.00 in",-0.0,0.0,0.0,,15.7,16.7
401869942,5,Sat 10/03 6:00 PM,2026-10-03T23:00:00.000Z,Georgia Southern,Coastal Carolina,False,103,114,model,23.8,25.0,-1.1,48.8,-1.1,1.1,Georgia Southern -1.1,48.8,47.3,52.7,2.25,53.5,52.8,47.2,39.2,60.8,3.0,1.005,0.12,1.13,"76F, wind 3 mph (gusts 12), rain 0.00 in",-0.0,0.0,0.0,,15.7,16.7
401856818,5,Sat 10/03 6:00 PM,2026-10-03T23:00:00.000Z,BYU,TCU,False,14,49,model,21.4,26.2,-4.8,47.6,-4.8,4.8,BYU -4.8,47.6,37.5,62.5,6.0,48.25,51.7,45.6,47.4,52.6,3.0,0.991,0.06,-0.44,"72F, wind 7 mph (gusts 15), rain 0.00 in",-0.0,0.0,0.0,,15.7,16.7
401871089,5,Sat 10/03 6:00 PM,2026-10-03T23:00:00.000Z,UL Monroe,South Alabama,False,137,107,model,41.4,22.5,18.9,64.0,18.9,-18.9,South Alabama -18.9,64.0,89.3,10.7,-14.0,57.0,60.9,36.6,64.6,33.2,3.0,1.024,0.16,-0.2,"76F, wind 8 mph (gusts 20), rain 0.04 in",-0.26,0.0,0.0,,15.7,16.7
401856711,5,Sat 10/03 6:00 PM,2026-10-03T23:00:00.000Z,Arkansas,Texas A&M,False,74,23,model,35.7,21.9,13.8,57.5,13.8,-13.8,Texas A&M -13.8,57.5,81.7,18.3,-14.0,50.25,48.3,49.3,66.6,33.4,3.0,1.038,-0.17,0.98,"78F, wind 10 mph (gusts 24), rain 0.00 in",-0.0,0.0,0.0,,15.7,16.7
401862792,5,Sat 10/03 6:30 PM,2026-10-03T23:30:00.000Z,Temple,South Florida,False,89,41,model,33.8,21.1,12.7,54.9,12.7,-12.7,South Florida -12.7,54.9,79.2,20.8,-6.0,48.25,65.2,32.2,65.3,34.7,3.0,0.959,0.11,-0.16,"78F, wind 3 mph (gusts 13), rain 0.00 in",-0.0,0.0,0.0,,15.7,16.7
401869842,5,Sat 10/03 6:30 PM,2026-10-03T23:30:00.000Z,Army,Louisiana Tech,False,63,78,model,25.6,27.2,-1.6,52.8,-1.6,1.6,Army -1.6,52.8,45.6,54.4,1.5,47.25,48.3,51.7,62.8,37.2,3.0,0.989,0.01,1.04,"82F, wind 10 mph (gusts 21), rain 0.00 in",-0.02,0.0,0.0,,15.7,16.7
401860898,5,Sat 10/03 6:30 PM,2026-10-03T23:30:00.000Z,Utah State,Boise State,False,110,28,model,31.2,11.8,19.5,43.0,19.5,-19.5,Boise State -19.5,43.0,89.7,10.3,-19.5,51.5,48.4,51.6,30.7,69.3,3.0,1.007,0.26,-0.08,"83F, wind 2 mph (gusts 2), rain 0.00 in",-0.0,0.0,0.0,,15.7,16.7
401858249,5,Sat 10/03 6:30 PM,2026-10-03T23:30:00.000Z,Miami,Clemson,False,6,55,model,19.0,32.4,-13.4,51.4,-13.4,13.4,Miami -13.4,51.4,19.3,80.7,15.5,47.5,56.3,43.7,59.2,40.8,3.0,1.001,0.1,-0.05,"80F, wind 2 mph (gusts 7), rain 0.02 in",-0.1,0.0,0.0,,15.7,16.7
401858478,5,Sat 10/03 6:30 PM,2026-10-03T23:30:00.000Z,Washington,USC,False,54,17,model,36.0,26.3,9.7,62.4,9.7,-9.7,USC -9.7,62.4,73.4,26.6,-8.75,58.25,52.6,47.4,59.6,40.5,3.0,1.004,0.41,0.74,"94F, wind 9 mph (gusts 16), rain 0.00 in",-0.0,0.0,0.0,,15.7,16.7
401856821,5,Sat 10/03 6:30 PM,2026-10-03T23:30:00.000Z,Texas Tech,Colorado,False,13,100,model,16.0,32.0,-16.0,48.0,-16.0,16.0,Texas Tech -16.0,48.0,14.8,85.2,13.5,49.5,44.0,56.0,47.2,52.8,3.0,1.022,0.0,-0.03,"75F, wind 8 mph (gusts 17), rain 0.00 in",-0.0,0.0,0.0,,15.7,16.7
401869932,5,Sat 10/03 7:00 PM,2026-10-04T00:00:00.000Z,Arkansas State,Louisiana,False,111,83,model,26.1,18.8,7.4,44.9,7.4,-7.4,Louisiana -7.4,44.9,68.9,31.1,-6.5,48.0,52.2,47.8,41.8,55.9,3.0,0.981,-0.32,-0.03,"77F, wind 6 mph (gusts 17), rain 0.00 in",-0.0,0.0,0.0,,15.7,16.7
401858477,5,Sat 10/03 7:00 PM,2026-10-04T00:00:00.000Z,Indiana,Rutgers,False,4,98,model,18.3,40.1,-21.8,58.4,-21.8,21.8,Indiana -21.8,58.4,7.9,92.1,24.5,56.75,57.6,42.4,54.8,45.2,3.0,0.989,0.12,-0.77,"59F, wind 5 mph (gusts 13), rain 0.00 in",-0.0,0.0,0.0,,15.7,16.7
401860921,5,Sat 10/03 8:30 PM,2026-10-04T01:30:00.000Z,Fresno State,Washington State,False,62,84,model,17.3,18.9,-1.6,36.2,-1.6,1.6,Fresno State -1.6,36.2,46.1,53.9,-1.75,45.5,43.4,56.6,28.9,71.1,3.0,0.967,-0.02,-0.01,"67F, wind 5 mph (gusts 6), rain 0.00 in",-0.0,0.0,0.0,,15.7,16.7
401860900,5,Sat 10/03 9:30 PM,2026-10-04T02:30:00.000Z,Texas State,San Diego State,False,64,79,model,28.6,28.1,0.5,56.7,0.5,-0.5,San Diego State -0.5,56.7,51.5,48.5,9.5,57.5,74.1,25.9,48.4,51.6,3.0,1.014,0.06,-1.06,"82F, wind 3 mph (gusts 13), rain 0.00 in",-0.0,0.0,0.0,,15.7,16.7
401856817,5,Sat 10/03 9:30 PM,2026-10-04T02:30:00.000Z,Baylor,Arizona State,False,56,66,model,27.1,26.7,0.5,53.8,0.5,-0.5,Arizona State -0.5,53.8,51.0,49.0,-3.5,48.5,42.9,57.1,63.7,36.2,3.0,1.039,0.08,0.09,"83F, wind 5 mph (gusts 12), rain 0.00 in",-0.0,0.0,0.0,,15.7,16.7
401856820,5,Sat 10/03 10:00 PM,2026-10-04T03:00:00.000Z,Cincinnati,Arizona,False,53,35,model,32.3,26.9,5.4,59.3,5.4,-5.4,Arizona -5.4,59.3,64.1,35.9,-6.75,55.5,47.4,52.6,58.1,41.9,3.0,1.005,0.03,0.14,"79F, wind 10 mph (gusts 24), rain 0.00 in",-0.07,0.0,0.0,,15.7,16.7
401864513,5,Sat 10/03 10:59 PM,2026-10-04T03:59:00.000Z,San José State,Hawai'i,False,124,118,model,27.7,23.1,4.5,50.8,4.5,-4.5,Hawai'i -4.5,50.8,61.4,38.6,-3.0,50.75,53.1,44.0,50.5,49.5,3.0,1.025,-0.12,-0.11,"77F, wind 9 mph (gusts 25), rain 0.02 in",-0.12,0.0,0.0,,15.7,16.7
